name,ckpt,val_loss,val_ppl
pretrained,pretrained,1.3114274963736534,3.7114680396620865
ft_unlocked_25k_v2_unlocked,results/ft_unlocked_25k_v2_unlocked/model_best.pt,1.2219252437353134,3.3937151770293856
ft_locked_a10k_lr1e6_25k_locked,results/ft_locked_a10k_lr1e6_25k_locked/model_best.pt,1.3193985521793365,3.7411705815676166
ft_locked_a30k_lr1e6_25k_locked,results/ft_locked_a30k_lr1e6_25k_locked/model_best.pt,1.338064318522811,3.8116582036942197
ft_locked_a30k_lr1e5_25k_locked,results/ft_locked_a30k_lr1e5_25k_locked/model_best.pt,1.3214475512504578,3.748844095440849
ft_lora_a10k_25k_locked,results/ft_lora_a10k_25k_locked/model_best.pt,1.3114364184439182,3.711501153788445
ft_bypass_a10k_25k_v2_locked,results/ft_bypass_a10k_25k_v2_locked/model_best.pt,1.4014384988695383,4.06103756509534
ft_bypass_a30k_25k_locked,results/ft_bypass_a30k_25k_locked/model_best.pt,1.4094799123704433,4.093825702198108
ft_theorem8_a10k_k3_25k_locked,results/ft_theorem8_a10k_k3_25k_locked/model_best.pt,1.2171313515864313,3.3774850064130892
ft_theorem8_a30k_k2_25k_locked,results/ft_theorem8_a30k_k2_25k_locked/model_best.pt,1.2455563524272293,3.4748675126270583
ft_theorem8_a30k_k3_25k_locked,results/ft_theorem8_a30k_k3_25k_locked/model_best.pt,1.2200903790071607,3.387493878120076
ft_locked_a100k_lr1e5_25k_locked,results/ft_locked_a100k_lr1e5_25k_locked/model_best.pt,1.3315120451152325,3.786764820195497
ft_locked_a100k_lr1e6_25k_locked,results/ft_locked_a100k_lr1e6_25k_locked/model_best.pt,1.7142136432230473,5.552307700469259
ft_locked_a300k_lr1e5_25k_locked,results/ft_locked_a300k_lr1e5_25k_locked/model_best.pt,1.3348704725503922,3.799503774511384
ft_locked_a300k_lr1e6_25k_locked,results/ft_locked_a300k_lr1e6_25k_locked/model_best.pt,1.766473175957799,5.850184363982172
