seq_name	chromosome_score	plasmid_score	virus_score
locked_no_ft_0	0.7856	0.1696	0.0447
locked_no_ft_1	0.6817	0.2048	0.1135
locked_no_ft_2	0.2850	0.1901	0.5249
locked_no_ft_3	0.3854	0.4765	0.1381
locked_no_ft_4	0.0689	0.8059	0.1253
locked_no_ft_5	0.6567	0.1984	0.1448
locked_no_ft_6	0.7278	0.1927	0.0796
locked_no_ft_7	0.1010	0.5490	0.3500
locked_no_ft_8	0.2160	0.2566	0.5273
locked_no_ft_9	0.5234	0.2682	0.2084
locked_no_ft_10	0.7671	0.1292	0.1037
locked_no_ft_11	0.1363	0.6507	0.2129
locked_no_ft_12	0.7437	0.1505	0.1058
locked_no_ft_13	0.0792	0.6924	0.2285
locked_no_ft_14	0.6558	0.2575	0.0867
locked_no_ft_15	0.8865	0.0612	0.0522
locked_no_ft_16	0.1226	0.1244	0.7530
locked_no_ft_17	0.8209	0.0872	0.0919
locked_no_ft_18	0.9256	0.0548	0.0196
locked_no_ft_19	0.1570	0.4069	0.4361
locked_no_ft_20	0.6766	0.1092	0.2142
locked_no_ft_21	0.6827	0.1956	0.1217
locked_no_ft_22	0.6664	0.2208	0.1127
locked_no_ft_23	0.9756	0.0177	0.0067
locked_no_ft_24	0.7216	0.1422	0.1362
locked_no_ft_25	0.8241	0.1062	0.0697
locked_no_ft_26	0.9013	0.0719	0.0269
locked_no_ft_27	0.1448	0.1875	0.6677
locked_no_ft_28	0.5634	0.2132	0.2234
locked_no_ft_29	0.8463	0.0470	0.1067
locked_no_ft_30	0.8073	0.1023	0.0904
locked_no_ft_31	0.6944	0.1546	0.1510
locked_no_ft_32	0.7572	0.1484	0.0944
locked_no_ft_33	0.5306	0.3453	0.1241
locked_no_ft_34	0.6901	0.2441	0.0658
locked_no_ft_35	0.5281	0.2409	0.2310
locked_no_ft_36	0.6071	0.2227	0.1702
locked_no_ft_37	0.7843	0.0892	0.1266
locked_no_ft_38	0.8000	0.1046	0.0954
locked_no_ft_39	0.5009	0.1936	0.3055
locked_no_ft_40	0.0762	0.1123	0.8114
locked_no_ft_41	0.1404	0.2777	0.5819
locked_no_ft_42	0.2025	0.2382	0.5593
locked_no_ft_43	0.2595	0.6175	0.1231
locked_no_ft_44	0.4986	0.2924	0.2090
locked_no_ft_45	0.8714	0.0984	0.0302
locked_no_ft_46	0.5184	0.3405	0.1412
locked_no_ft_47	0.7165	0.1926	0.0908
locked_no_ft_48	0.2253	0.4391	0.3356
locked_no_ft_49	0.0463	0.8263	0.1274
locked_no_ft_50	0.5191	0.2952	0.1856
locked_no_ft_51	0.7994	0.1007	0.0998
locked_no_ft_52	0.1218	0.2070	0.6712
locked_no_ft_53	0.7485	0.1592	0.0923
locked_no_ft_54	0.8978	0.0790	0.0232
locked_no_ft_55	0.4803	0.3488	0.1710
locked_no_ft_56	0.2189	0.6432	0.1379
locked_no_ft_57	0.2054	0.2198	0.5748
locked_no_ft_58	0.6192	0.2133	0.1675
locked_no_ft_59	0.1476	0.6550	0.1974
locked_no_ft_60	0.7257	0.1193	0.1551
locked_no_ft_61	0.7443	0.1507	0.1050
locked_no_ft_62	0.6941	0.1332	0.1727
locked_no_ft_63	0.7947	0.1466	0.0587
locked_no_ft_64	0.1129	0.1199	0.7672
locked_no_ft_65	0.4911	0.2650	0.2439
locked_no_ft_66	0.6242	0.1490	0.2268
locked_no_ft_67	0.8054	0.1095	0.0851
locked_no_ft_68	0.2821	0.1442	0.5737
locked_no_ft_69	0.1805	0.2709	0.5486
locked_no_ft_70	0.6227	0.1779	0.1994
locked_no_ft_71	0.2214	0.5237	0.2549
locked_no_ft_72	0.6531	0.2540	0.0928
locked_no_ft_73	0.7864	0.0900	0.1236
locked_no_ft_74	0.8188	0.1105	0.0707
locked_no_ft_75	0.9034	0.0756	0.0211
locked_no_ft_76	0.5031	0.3410	0.1559
locked_no_ft_77	0.3502	0.2936	0.3562
locked_no_ft_78	0.2529	0.2508	0.4963
locked_no_ft_79	0.7601	0.1278	0.1121
locked_no_ft_80	0.5951	0.2583	0.1466
locked_no_ft_81	0.7125	0.1369	0.1506
locked_no_ft_82	0.2448	0.1821	0.5732
locked_no_ft_83	0.2924	0.3472	0.3605
locked_no_ft_84	0.8620	0.0789	0.0591
locked_no_ft_85	0.5441	0.1708	0.2851
locked_no_ft_86	0.3563	0.3042	0.3394
locked_no_ft_87	0.1649	0.1751	0.6600
locked_no_ft_88	0.3619	0.4946	0.1434
locked_no_ft_89	0.0960	0.5576	0.3464
locked_no_ft_90	0.2706	0.2053	0.5241
locked_no_ft_91	0.4191	0.3893	0.1916
locked_no_ft_92	0.0615	0.7788	0.1597
locked_no_ft_93	0.7744	0.1620	0.0636
locked_no_ft_94	0.4162	0.2443	0.3395
locked_no_ft_95	0.2785	0.1826	0.5389
locked_no_ft_96	0.2249	0.1535	0.6216
locked_no_ft_97	0.7496	0.1216	0.1288
locked_no_ft_98	0.3646	0.1477	0.4877
locked_no_ft_99	0.1379	0.1384	0.7237
