seq_name	n_genes	n_uscg	n_plasmid_hallmarks	n_virus_hallmarks	genetic_code	strand_switch_rate	coding_density	no_rbs_freq	sd_bacteroidetes_rbs_freq	sd_canonical_rbs_freq	tatata_rbs_freq	cc_marker_freq	cp_marker_freq	cv_marker_freq	pc_marker_freq	pp_marker_freq	pv_marker_freq	vc_marker_freq	vp_marker_freq	vv_marker_freq	c_marker_freq	p_marker_freq	v_marker_freq	median_c_spm	median_p_spm	median_v_spm	v_vs_c_score_logistic	v_vs_p_score_logistic	p_vs_c_score_logistic	gv_marker_freq	marker_enrichment_c	marker_enrichment_p	marker_enrichment_v
unlocked_ft_0	3	0	0	1	11	0.5000	0.7391	0.6667	0.0000	0.3333	0.0000	0.0000	0.0000	0.0000	0.0000	0.0000	0.0000	0.0000	0.0000	0.3333	0.0000	0.0000	0.3333	0.0000	0.0000	1.0000	0.7025	0.7025	0.5000	0.0000	-1.7183	-1.7183	1.7183
unlocked_ft_1	1	0	0	0	11	0.0000	0.6641	1.0000	0.0000	0.0000	0.0000	0.0000	0.0000	0.0000	0.0000	0.0000	0.0000	0.0000	0.0000	0.0000	0.0000	0.0000	0.0000	0.0000	0.0000	0.0000	0.5000	0.5000	0.5000	0.0000	0.0000	0.0000	0.0000
unlocked_ft_2	1	0	0	0	11	0.0000	0.6484	1.0000	0.0000	0.0000	0.0000	0.0000	0.0000	0.0000	0.0000	0.0000	0.0000	0.0000	0.0000	0.0000	0.0000	0.0000	0.0000	0.0000	0.0000	0.0000	0.5000	0.5000	0.5000	0.0000	0.0000	0.0000	0.0000
unlocked_ft_3	1	0	0	0	11	0.0000	0.5641	1.0000	0.0000	0.0000	0.0000	0.0000	0.0000	0.0000	0.0000	0.0000	0.0000	0.0000	0.0000	0.0000	0.0000	0.0000	0.0000	0.0000	0.0000	0.0000	0.5000	0.5000	0.5000	0.0000	0.0000	0.0000	0.0000
unlocked_ft_4	3	0	0	0	11	0.5000	0.7594	0.6667	0.0000	0.3333	0.0000	0.0000	0.0000	0.0000	0.0000	0.0000	0.0000	0.0000	0.0000	0.0000	0.0000	0.0000	0.0000	0.0000	0.0000	0.0000	0.5000	0.5000	0.5000	0.0000	0.0000	0.0000	0.0000
unlocked_ft_5	2	0	0	0	11	1.0000	0.6422	1.0000	0.0000	0.0000	0.0000	0.0000	0.0000	0.0000	0.0000	0.0000	0.0000	0.0000	0.0000	0.0000	0.0000	0.0000	0.0000	0.0000	0.0000	0.0000	0.5000	0.5000	0.5000	0.0000	0.0000	0.0000	0.0000
unlocked_ft_6	2	0	0	0	11	1.0000	0.4406	1.0000	0.0000	0.0000	0.0000	0.0000	0.0000	0.0000	0.0000	0.0000	0.0000	0.0000	0.0000	0.0000	0.0000	0.0000	0.0000	0.0000	0.0000	0.0000	0.5000	0.5000	0.5000	0.0000	0.0000	0.0000	0.0000
unlocked_ft_7	1	0	0	0	11	0.0000	0.4734	1.0000	0.0000	0.0000	0.0000	0.0000	0.0000	0.0000	0.0000	0.0000	0.0000	0.0000	0.0000	0.0000	0.0000	0.0000	0.0000	0.0000	0.0000	0.0000	0.5000	0.5000	0.5000	0.0000	0.0000	0.0000	0.0000
unlocked_ft_8	1	0	0	0	11	0.0000	0.6891	1.0000	0.0000	0.0000	0.0000	0.0000	0.0000	0.0000	0.0000	0.0000	0.0000	0.0000	0.0000	0.0000	0.0000	0.0000	0.0000	0.0000	0.0000	0.0000	0.5000	0.5000	0.5000	0.0000	0.0000	0.0000	0.0000
unlocked_ft_9	2	0	0	0	11	0.0000	0.7484	0.5000	0.0000	0.5000	0.0000	0.0000	0.0000	0.0000	0.0000	0.0000	0.0000	0.0000	0.0000	0.0000	0.0000	0.0000	0.0000	0.0000	0.0000	0.0000	0.5000	0.5000	0.5000	0.0000	0.0000	0.0000	0.0000
unlocked_ft_10	2	0	0	0	11	1.0000	0.5219	0.5000	0.0000	0.5000	0.0000	0.0000	0.0000	0.0000	0.0000	0.0000	0.0000	0.0000	0.0000	0.0000	0.0000	0.0000	0.0000	0.0000	0.0000	0.0000	0.5000	0.5000	0.5000	0.0000	0.0000	0.0000	0.0000
unlocked_ft_11	2	0	0	0	11	1.0000	0.6781	1.0000	0.0000	0.0000	0.0000	0.0000	0.0000	0.0000	0.0000	0.0000	0.0000	0.0000	0.0000	0.5000	0.0000	0.0000	0.5000	0.0000	0.0000	1.0000	0.7025	0.7025	0.5000	0.0000	-1.7183	-1.7183	1.7183
unlocked_ft_12	0	0	0	0	11	0.0000	0.0000	0.0000	0.0000	0.0000	0.0000	0.0000	0.0000	0.0000	0.0000	0.0000	0.0000	0.0000	0.0000	0.0000	0.0000	0.0000	0.0000	0.0000	0.0000	0.0000	0.5000	0.5000	0.5000	0.0000	0.0000	0.0000	0.0000
unlocked_ft_13	1	0	0	0	11	0.0000	0.5609	1.0000	0.0000	0.0000	0.0000	0.0000	0.0000	0.0000	0.0000	0.0000	0.0000	0.0000	0.0000	0.0000	0.0000	0.0000	0.0000	0.0000	0.0000	0.0000	0.5000	0.5000	0.5000	0.0000	0.0000	0.0000	0.0000
unlocked_ft_14	2	0	0	0	11	1.0000	0.5078	0.0000	0.0000	1.0000	0.0000	0.0000	0.0000	0.0000	0.0000	0.0000	0.0000	0.0000	0.0000	0.0000	0.0000	0.0000	0.0000	0.0000	0.0000	0.0000	0.5000	0.5000	0.5000	0.0000	0.0000	0.0000	0.0000
unlocked_ft_15	1	0	0	0	11	0.0000	0.5781	1.0000	0.0000	0.0000	0.0000	0.0000	0.0000	0.0000	0.0000	0.0000	0.0000	0.0000	0.0000	0.0000	0.0000	0.0000	0.0000	0.0000	0.0000	0.0000	0.5000	0.5000	0.5000	0.0000	0.0000	0.0000	0.0000
unlocked_ft_16	1	0	0	0	11	0.0000	0.4188	0.0000	0.0000	1.0000	0.0000	0.0000	0.0000	0.0000	0.0000	0.0000	0.0000	0.0000	0.0000	0.0000	0.0000	0.0000	0.0000	0.0000	0.0000	0.0000	0.5000	0.5000	0.5000	0.0000	0.0000	0.0000	0.0000
unlocked_ft_17	1	0	0	0	11	0.0000	0.4609	1.0000	0.0000	0.0000	0.0000	0.0000	0.0000	0.0000	0.0000	0.0000	0.0000	0.0000	0.0000	0.0000	0.0000	0.0000	0.0000	0.0000	0.0000	0.0000	0.5000	0.5000	0.5000	0.0000	0.0000	0.0000	0.0000
unlocked_ft_18	1	0	0	0	11	0.0000	0.5625	0.0000	0.0000	1.0000	0.0000	0.0000	0.0000	0.0000	0.0000	0.0000	0.0000	0.0000	0.0000	0.0000	0.0000	0.0000	0.0000	0.0000	0.0000	0.0000	0.5000	0.5000	0.5000	0.0000	0.0000	0.0000	0.0000
unlocked_ft_19	1	0	0	0	11	0.0000	0.6062	1.0000	0.0000	0.0000	0.0000	0.0000	0.0000	0.0000	0.0000	0.0000	0.0000	0.0000	0.0000	0.0000	0.0000	0.0000	0.0000	0.0000	0.0000	0.0000	0.5000	0.5000	0.5000	0.0000	0.0000	0.0000	0.0000
unlocked_ft_20	3	0	0	0	11	0.0000	0.2562	0.0000	0.0000	0.0000	0.0000	0.0000	0.0000	0.0000	0.0000	0.0000	0.0000	0.0000	0.0000	0.0000	0.0000	0.0000	0.0000	0.0000	0.0000	0.0000	0.5000	0.5000	0.5000	0.0000	0.0000	0.0000	0.0000
unlocked_ft_21	1	0	0	0	11	0.0000	0.6125	1.0000	0.0000	0.0000	0.0000	0.0000	0.0000	0.0000	0.0000	0.0000	0.0000	0.0000	0.0000	0.0000	0.0000	0.0000	0.0000	0.0000	0.0000	0.0000	0.5000	0.5000	0.5000	0.0000	0.0000	0.0000	0.0000
unlocked_ft_22	1	0	0	0	11	0.0000	0.7656	1.0000	0.0000	0.0000	0.0000	0.0000	0.0000	0.0000	0.0000	0.0000	0.0000	0.0000	0.0000	0.0000	0.0000	0.0000	0.0000	0.0000	0.0000	0.0000	0.5000	0.5000	0.5000	0.0000	0.0000	0.0000	0.0000
unlocked_ft_23	1	0	0	0	11	0.0000	0.6953	1.0000	0.0000	0.0000	0.0000	0.0000	0.0000	0.0000	0.0000	0.0000	0.0000	0.0000	0.0000	0.0000	0.0000	0.0000	0.0000	0.0000	0.0000	0.0000	0.5000	0.5000	0.5000	0.0000	0.0000	0.0000	0.0000
unlocked_ft_24	2	0	0	0	11	1.0000	0.3969	1.0000	0.0000	0.0000	0.0000	0.0000	0.0000	0.0000	0.0000	0.0000	0.0000	0.0000	0.0000	0.0000	0.0000	0.0000	0.0000	0.0000	0.0000	0.0000	0.5000	0.5000	0.5000	0.0000	0.0000	0.0000	0.0000
unlocked_ft_25	3	0	0	0	11	0.5000	0.8125	0.6667	0.0000	0.3333	0.0000	0.0000	0.0000	0.0000	0.0000	0.0000	0.0000	0.0000	0.0000	0.0000	0.0000	0.0000	0.0000	0.0000	0.0000	0.0000	0.5000	0.5000	0.5000	0.0000	0.0000	0.0000	0.0000
unlocked_ft_26	1	0	0	0	11	0.0000	0.5859	0.0000	0.0000	1.0000	0.0000	0.0000	0.0000	0.0000	0.0000	0.0000	0.0000	0.0000	0.0000	0.0000	0.0000	0.0000	0.0000	0.0000	0.0000	0.0000	0.5000	0.5000	0.5000	0.0000	0.0000	0.0000	0.0000
unlocked_ft_27	1	0	0	0	11	0.0000	0.5234	1.0000	0.0000	0.0000	0.0000	0.0000	0.0000	0.0000	0.0000	0.0000	0.0000	0.0000	0.0000	0.0000	0.0000	0.0000	0.0000	0.0000	0.0000	0.0000	0.5000	0.5000	0.5000	0.0000	0.0000	0.0000	0.0000
unlocked_ft_28	1	0	0	0	11	0.0000	0.6078	1.0000	0.0000	0.0000	0.0000	0.0000	0.0000	0.0000	0.0000	0.0000	0.0000	0.0000	0.0000	0.0000	0.0000	0.0000	0.0000	0.0000	0.0000	0.0000	0.5000	0.5000	0.5000	0.0000	0.0000	0.0000	0.0000
unlocked_ft_29	1	0	0	0	11	0.0000	0.6016	1.0000	0.0000	0.0000	0.0000	0.0000	0.0000	0.0000	0.0000	0.0000	0.0000	0.0000	0.0000	0.0000	0.0000	0.0000	0.0000	0.0000	0.0000	0.0000	0.5000	0.5000	0.5000	0.0000	0.0000	0.0000	0.0000
unlocked_ft_30	1	0	0	0	11	0.0000	0.6078	1.0000	0.0000	0.0000	0.0000	0.0000	0.0000	0.0000	0.0000	0.0000	0.0000	0.0000	0.0000	0.0000	0.0000	0.0000	0.0000	0.0000	0.0000	0.0000	0.5000	0.5000	0.5000	0.0000	0.0000	0.0000	0.0000
unlocked_ft_31	3	0	0	0	11	0.5000	0.6359	1.0000	0.0000	0.0000	0.0000	0.0000	0.0000	0.0000	0.0000	0.0000	0.0000	0.0000	0.0000	0.0000	0.0000	0.0000	0.0000	0.0000	0.0000	0.0000	0.5000	0.5000	0.5000	0.0000	0.0000	0.0000	0.0000
unlocked_ft_32	1	0	0	0	11	0.0000	0.6859	1.0000	0.0000	0.0000	0.0000	0.0000	0.0000	0.0000	0.0000	0.0000	0.0000	0.0000	0.0000	0.0000	0.0000	0.0000	0.0000	0.0000	0.0000	0.0000	0.5000	0.5000	0.5000	0.0000	0.0000	0.0000	0.0000
unlocked_ft_33	2	0	0	0	11	1.0000	0.7406	1.0000	0.0000	0.0000	0.0000	0.0000	0.0000	0.0000	0.0000	0.0000	0.0000	0.0000	0.0000	0.0000	0.0000	0.0000	0.0000	0.0000	0.0000	0.0000	0.5000	0.5000	0.5000	0.0000	0.0000	0.0000	0.0000
unlocked_ft_34	1	0	0	0	11	0.0000	0.6734	1.0000	0.0000	0.0000	0.0000	0.0000	0.0000	0.0000	0.0000	0.0000	0.0000	0.0000	0.0000	0.0000	0.0000	0.0000	0.0000	0.0000	0.0000	0.0000	0.5000	0.5000	0.5000	0.0000	0.0000	0.0000	0.0000
unlocked_ft_35	1	0	0	0	11	0.0000	0.6438	1.0000	0.0000	0.0000	0.0000	0.0000	0.0000	0.0000	0.0000	0.0000	0.0000	0.0000	0.0000	0.0000	0.0000	0.0000	0.0000	0.0000	0.0000	0.0000	0.5000	0.5000	0.5000	0.0000	0.0000	0.0000	0.0000
unlocked_ft_36	1	0	0	0	11	0.0000	0.6656	1.0000	0.0000	0.0000	0.0000	0.0000	0.0000	0.0000	0.0000	0.0000	0.0000	0.0000	0.0000	0.0000	0.0000	0.0000	0.0000	0.0000	0.0000	0.0000	0.5000	0.5000	0.5000	0.0000	0.0000	0.0000	0.0000
unlocked_ft_37	3	0	0	0	11	0.0000	0.3625	1.0000	0.0000	0.0000	0.0000	0.0000	0.0000	0.0000	0.0000	0.0000	0.0000	0.0000	0.0000	0.0000	0.0000	0.0000	0.0000	0.0000	0.0000	0.0000	0.5000	0.5000	0.5000	0.0000	0.0000	0.0000	0.0000
unlocked_ft_38	1	0	0	0	11	0.0000	0.5094	1.0000	0.0000	0.0000	0.0000	0.0000	0.0000	0.0000	0.0000	0.0000	0.0000	0.0000	0.0000	0.0000	0.0000	0.0000	0.0000	0.0000	0.0000	0.0000	0.5000	0.5000	0.5000	0.0000	0.0000	0.0000	0.0000
unlocked_ft_39	3	0	0	0	11	0.5000	0.7047	0.6667	0.0000	0.0000	0.0000	0.0000	0.0000	0.0000	0.0000	0.0000	0.0000	0.0000	0.0000	0.0000	0.0000	0.0000	0.0000	0.0000	0.0000	0.0000	0.5000	0.5000	0.5000	0.0000	0.0000	0.0000	0.0000
unlocked_ft_40	2	0	0	0	11	1.0000	0.6312	1.0000	0.0000	0.0000	0.0000	0.0000	0.0000	0.0000	0.0000	0.0000	0.0000	0.0000	0.0000	0.0000	0.0000	0.0000	0.0000	0.0000	0.0000	0.0000	0.5000	0.5000	0.5000	0.0000	0.0000	0.0000	0.0000
unlocked_ft_41	1	0	0	0	11	0.0000	0.5266	1.0000	0.0000	0.0000	0.0000	0.0000	0.0000	0.0000	0.0000	0.0000	0.0000	0.0000	0.0000	0.0000	0.0000	0.0000	0.0000	0.0000	0.0000	0.0000	0.5000	0.5000	0.5000	0.0000	0.0000	0.0000	0.0000
unlocked_ft_42	2	0	0	0	11	0.0000	0.5953	0.5000	0.0000	0.0000	0.0000	0.0000	0.0000	0.0000	0.0000	0.0000	0.0000	0.0000	0.0000	0.0000	0.0000	0.0000	0.0000	0.0000	0.0000	0.0000	0.5000	0.5000	0.5000	0.0000	0.0000	0.0000	0.0000
unlocked_ft_43	1	0	0	0	11	0.0000	0.6188	1.0000	0.0000	0.0000	0.0000	0.0000	0.0000	0.0000	0.0000	0.0000	0.0000	0.0000	0.0000	0.0000	0.0000	0.0000	0.0000	0.0000	0.0000	0.0000	0.5000	0.5000	0.5000	0.0000	0.0000	0.0000	0.0000
unlocked_ft_44	1	0	0	0	11	0.0000	0.5922	1.0000	0.0000	0.0000	0.0000	0.0000	0.0000	0.0000	0.0000	0.0000	0.0000	0.0000	0.0000	0.0000	0.0000	0.0000	0.0000	0.0000	0.0000	0.0000	0.5000	0.5000	0.5000	0.0000	0.0000	0.0000	0.0000
unlocked_ft_45	1	0	0	0	11	0.0000	0.5578	1.0000	0.0000	0.0000	0.0000	0.0000	0.0000	0.0000	0.0000	0.0000	0.0000	0.0000	0.0000	0.0000	0.0000	0.0000	0.0000	0.0000	0.0000	0.0000	0.5000	0.5000	0.5000	0.0000	0.0000	0.0000	0.0000
unlocked_ft_46	1	0	0	0	11	0.0000	0.6422	1.0000	0.0000	0.0000	0.0000	0.0000	0.0000	0.0000	0.0000	0.0000	0.0000	0.0000	0.0000	0.0000	0.0000	0.0000	0.0000	0.0000	0.0000	0.0000	0.5000	0.5000	0.5000	0.0000	0.0000	0.0000	0.0000
unlocked_ft_47	1	0	0	0	11	0.0000	0.6141	1.0000	0.0000	0.0000	0.0000	0.0000	0.0000	0.0000	0.0000	0.0000	0.0000	0.0000	0.0000	0.0000	0.0000	0.0000	0.0000	0.0000	0.0000	0.0000	0.5000	0.5000	0.5000	0.0000	0.0000	0.0000	0.0000
unlocked_ft_48	2	0	0	0	11	0.0000	0.4422	0.5000	0.0000	0.5000	0.0000	0.0000	0.0000	0.0000	0.0000	0.0000	0.0000	0.0000	0.0000	0.0000	0.0000	0.0000	0.0000	0.0000	0.0000	0.0000	0.5000	0.5000	0.5000	0.0000	0.0000	0.0000	0.0000
unlocked_ft_49	1	0	0	0	11	0.0000	0.4484	0.0000	0.0000	1.0000	0.0000	0.0000	0.0000	0.0000	0.0000	0.0000	0.0000	0.0000	0.0000	0.0000	0.0000	0.0000	0.0000	0.0000	0.0000	0.0000	0.5000	0.5000	0.5000	0.0000	0.0000	0.0000	0.0000
unlocked_ft_50	1	0	0	0	11	0.0000	0.6562	1.0000	0.0000	0.0000	0.0000	0.0000	0.0000	0.0000	0.0000	0.0000	0.0000	0.0000	0.0000	0.0000	0.0000	0.0000	0.0000	0.0000	0.0000	0.0000	0.5000	0.5000	0.5000	0.0000	0.0000	0.0000	0.0000
unlocked_ft_51	1	0	0	0	11	0.0000	0.6813	1.0000	0.0000	0.0000	0.0000	0.0000	0.0000	0.0000	0.0000	0.0000	0.0000	0.0000	0.0000	0.0000	0.0000	0.0000	0.0000	0.0000	0.0000	0.0000	0.5000	0.5000	0.5000	0.0000	0.0000	0.0000	0.0000
unlocked_ft_52	1	0	0	0	11	0.0000	0.6375	1.0000	0.0000	0.0000	0.0000	0.0000	0.0000	0.0000	0.0000	0.0000	0.0000	0.0000	0.0000	0.0000	0.0000	0.0000	0.0000	0.0000	0.0000	0.0000	0.5000	0.5000	0.5000	0.0000	0.0000	0.0000	0.0000
unlocked_ft_53	2	0	0	0	11	0.0000	0.6172	0.5000	0.0000	0.0000	0.0000	0.0000	0.0000	0.0000	0.0000	0.0000	0.0000	0.0000	0.0000	0.0000	0.0000	0.0000	0.0000	0.0000	0.0000	0.0000	0.5000	0.5000	0.5000	0.0000	0.0000	0.0000	0.0000
unlocked_ft_54	1	0	0	0	11	0.0000	0.5563	1.0000	0.0000	0.0000	0.0000	0.0000	0.0000	0.0000	0.0000	0.0000	0.0000	0.0000	0.0000	0.0000	0.0000	0.0000	0.0000	0.0000	0.0000	0.0000	0.5000	0.5000	0.5000	0.0000	0.0000	0.0000	0.0000
unlocked_ft_55	1	0	0	0	11	0.0000	0.6062	1.0000	0.0000	0.0000	0.0000	0.0000	0.0000	0.0000	0.0000	0.0000	0.0000	0.0000	0.0000	0.0000	0.0000	0.0000	0.0000	0.0000	0.0000	0.0000	0.5000	0.5000	0.5000	0.0000	0.0000	0.0000	0.0000
unlocked_ft_56	1	0	0	0	15	0.0000	0.2469	0.0000	1.0000	0.0000	0.0000	0.0000	0.0000	0.0000	0.0000	0.0000	0.0000	0.0000	0.0000	0.0000	0.0000	0.0000	0.0000	0.0000	0.0000	0.0000	0.5000	0.5000	0.5000	0.0000	0.0000	0.0000	0.0000
unlocked_ft_57	1	0	0	0	11	0.0000	0.5609	0.0000	0.0000	0.0000	1.0000	0.0000	0.0000	0.0000	0.0000	0.0000	0.0000	0.0000	0.0000	0.0000	0.0000	0.0000	0.0000	0.0000	0.0000	0.0000	0.5000	0.5000	0.5000	0.0000	0.0000	0.0000	0.0000
unlocked_ft_58	1	0	0	0	11	0.0000	0.6516	1.0000	0.0000	0.0000	0.0000	0.0000	0.0000	0.0000	0.0000	0.0000	0.0000	0.0000	0.0000	0.0000	0.0000	0.0000	0.0000	0.0000	0.0000	0.0000	0.5000	0.5000	0.5000	0.0000	0.0000	0.0000	0.0000
unlocked_ft_59	1	0	0	0	11	0.0000	0.6016	1.0000	0.0000	0.0000	0.0000	0.0000	0.0000	0.0000	0.0000	0.0000	0.0000	0.0000	0.0000	0.0000	0.0000	0.0000	0.0000	0.0000	0.0000	0.0000	0.5000	0.5000	0.5000	0.0000	0.0000	0.0000	0.0000
unlocked_ft_60	1	0	0	0	11	0.0000	0.6203	1.0000	0.0000	0.0000	0.0000	0.0000	0.0000	0.0000	0.0000	0.0000	0.0000	0.0000	0.0000	0.0000	0.0000	0.0000	0.0000	0.0000	0.0000	0.0000	0.5000	0.5000	0.5000	0.0000	0.0000	0.0000	0.0000
unlocked_ft_61	2	0	0	0	15	0.0000	0.6609	1.0000	0.0000	0.0000	0.0000	0.0000	0.0000	0.0000	0.0000	0.0000	0.0000	0.0000	0.0000	0.0000	0.0000	0.0000	0.0000	0.0000	0.0000	0.0000	0.5000	0.5000	0.5000	0.0000	0.0000	0.0000	0.0000
unlocked_ft_62	1	0	0	0	11	0.0000	0.8094	1.0000	0.0000	0.0000	0.0000	0.0000	0.0000	0.0000	0.0000	0.0000	0.0000	0.0000	0.0000	0.0000	0.0000	0.0000	0.0000	0.0000	0.0000	0.0000	0.5000	0.5000	0.5000	0.0000	0.0000	0.0000	0.0000
unlocked_ft_63	1	0	0	0	11	0.0000	0.6125	1.0000	0.0000	0.0000	0.0000	0.0000	0.0000	0.0000	0.0000	0.0000	0.0000	0.0000	0.0000	0.0000	0.0000	0.0000	0.0000	0.0000	0.0000	0.0000	0.5000	0.5000	0.5000	0.0000	0.0000	0.0000	0.0000
unlocked_ft_64	1	0	0	0	11	0.0000	0.6672	1.0000	0.0000	0.0000	0.0000	0.0000	0.0000	0.0000	0.0000	0.0000	0.0000	0.0000	0.0000	0.0000	0.0000	0.0000	0.0000	0.0000	0.0000	0.0000	0.5000	0.5000	0.5000	0.0000	0.0000	0.0000	0.0000
unlocked_ft_65	1	0	0	0	11	0.0000	0.6000	1.0000	0.0000	0.0000	0.0000	0.0000	0.0000	0.0000	0.0000	0.0000	0.0000	0.0000	0.0000	0.0000	0.0000	0.0000	0.0000	0.0000	0.0000	0.0000	0.5000	0.5000	0.5000	0.0000	0.0000	0.0000	0.0000
unlocked_ft_66	4	0	0	0	11	1.0000	0.5628	0.7500	0.0000	0.2500	0.0000	0.0000	0.0000	0.0000	0.0000	0.0000	0.0000	0.0000	0.0000	0.0000	0.0000	0.0000	0.0000	0.0000	0.0000	0.0000	0.5000	0.5000	0.5000	0.0000	0.0000	0.0000	0.0000
unlocked_ft_67	3	0	0	0	11	0.5000	0.6562	0.6667	0.0000	0.3333	0.0000	0.0000	0.0000	0.0000	0.0000	0.0000	0.0000	0.0000	0.0000	0.0000	0.0000	0.0000	0.0000	0.0000	0.0000	0.0000	0.5000	0.5000	0.5000	0.0000	0.0000	0.0000	0.0000
unlocked_ft_68	0	0	0	0	11	0.0000	0.0000	0.0000	0.0000	0.0000	0.0000	0.0000	0.0000	0.0000	0.0000	0.0000	0.0000	0.0000	0.0000	0.0000	0.0000	0.0000	0.0000	0.0000	0.0000	0.0000	0.5000	0.5000	0.5000	0.0000	0.0000	0.0000	0.0000
unlocked_ft_69	2	0	0	0	11	1.0000	0.8172	1.0000	0.0000	0.0000	0.0000	0.0000	0.0000	0.0000	0.0000	0.0000	0.0000	0.0000	0.0000	0.0000	0.0000	0.0000	0.0000	0.0000	0.0000	0.0000	0.5000	0.5000	0.5000	0.0000	0.0000	0.0000	0.0000
unlocked_ft_70	1	0	0	0	11	0.0000	0.5641	0.0000	0.0000	0.0000	1.0000	0.0000	0.0000	0.0000	0.0000	0.0000	0.0000	0.0000	0.0000	0.0000	0.0000	0.0000	0.0000	0.0000	0.0000	0.0000	0.5000	0.5000	0.5000	0.0000	0.0000	0.0000	0.0000
unlocked_ft_71	1	0	0	0	11	0.0000	0.6422	1.0000	0.0000	0.0000	0.0000	0.0000	0.0000	0.0000	0.0000	0.0000	0.0000	0.0000	0.0000	0.0000	0.0000	0.0000	0.0000	0.0000	0.0000	0.0000	0.5000	0.5000	0.5000	0.0000	0.0000	0.0000	0.0000
unlocked_ft_72	3	0	0	0	11	0.5000	0.7516	1.0000	0.0000	0.0000	0.0000	0.0000	0.0000	0.0000	0.0000	0.0000	0.0000	0.0000	0.0000	0.0000	0.0000	0.0000	0.0000	0.0000	0.0000	0.0000	0.5000	0.5000	0.5000	0.0000	0.0000	0.0000	0.0000
unlocked_ft_73	1	0	0	0	11	0.0000	0.6562	1.0000	0.0000	0.0000	0.0000	0.0000	0.0000	0.0000	0.0000	0.0000	0.0000	0.0000	0.0000	0.0000	0.0000	0.0000	0.0000	0.0000	0.0000	0.0000	0.5000	0.5000	0.5000	0.0000	0.0000	0.0000	0.0000
unlocked_ft_74	3	0	0	0	11	0.0000	0.2625	1.0000	0.0000	0.0000	0.0000	0.0000	0.0000	0.0000	0.0000	0.0000	0.0000	0.0000	0.0000	0.0000	0.0000	0.0000	0.0000	0.0000	0.0000	0.0000	0.5000	0.5000	0.5000	0.0000	0.0000	0.0000	0.0000
unlocked_ft_75	1	0	0	0	11	0.0000	0.5516	0.0000	0.0000	1.0000	0.0000	0.0000	0.0000	0.0000	0.0000	0.0000	0.0000	0.0000	0.0000	0.0000	0.0000	0.0000	0.0000	0.0000	0.0000	0.0000	0.5000	0.5000	0.5000	0.0000	0.0000	0.0000	0.0000
unlocked_ft_76	2	0	0	0	11	0.0000	0.6750	1.0000	0.0000	0.0000	0.0000	0.0000	0.0000	0.0000	0.0000	0.0000	0.0000	0.0000	0.0000	0.0000	0.0000	0.0000	0.0000	0.0000	0.0000	0.0000	0.5000	0.5000	0.5000	0.0000	0.0000	0.0000	0.0000
unlocked_ft_77	2	0	0	0	11	1.0000	0.7562	1.0000	0.0000	0.0000	0.0000	0.0000	0.0000	0.0000	0.0000	0.0000	0.0000	0.0000	0.0000	0.0000	0.0000	0.0000	0.0000	0.0000	0.0000	0.0000	0.5000	0.5000	0.5000	0.0000	0.0000	0.0000	0.0000
unlocked_ft_78	2	0	0	0	11	1.0000	0.6750	1.0000	0.0000	0.0000	0.0000	0.0000	0.0000	0.0000	0.0000	0.0000	0.0000	0.0000	0.0000	0.0000	0.0000	0.0000	0.0000	0.0000	0.0000	0.0000	0.5000	0.5000	0.5000	0.0000	0.0000	0.0000	0.0000
unlocked_ft_79	1	0	0	0	11	0.0000	0.1735	0.0000	0.0000	1.0000	0.0000	0.0000	0.0000	0.0000	0.0000	0.0000	0.0000	0.0000	0.0000	0.0000	0.0000	0.0000	0.0000	0.0000	0.0000	0.0000	0.5000	0.5000	0.5000	0.0000	0.0000	0.0000	0.0000
unlocked_ft_80	1	0	0	0	11	0.0000	0.5641	1.0000	0.0000	0.0000	0.0000	0.0000	0.0000	0.0000	0.0000	0.0000	0.0000	0.0000	0.0000	0.0000	0.0000	0.0000	0.0000	0.0000	0.0000	0.0000	0.5000	0.5000	0.5000	0.0000	0.0000	0.0000	0.0000
unlocked_ft_81	1	0	0	0	11	0.0000	0.5547	1.0000	0.0000	0.0000	0.0000	0.0000	0.0000	0.0000	0.0000	0.0000	0.0000	0.0000	0.0000	0.0000	0.0000	0.0000	0.0000	0.0000	0.0000	0.0000	0.5000	0.5000	0.5000	0.0000	0.0000	0.0000	0.0000
unlocked_ft_82	2	0	0	0	11	1.0000	0.5531	1.0000	0.0000	0.0000	0.0000	0.0000	0.0000	0.0000	0.0000	0.0000	0.0000	0.0000	0.0000	0.0000	0.0000	0.0000	0.0000	0.0000	0.0000	0.0000	0.5000	0.5000	0.5000	0.0000	0.0000	0.0000	0.0000
unlocked_ft_83	1	0	0	0	11	0.0000	0.2094	0.0000	0.0000	0.0000	1.0000	0.0000	0.0000	0.0000	0.0000	0.0000	0.0000	0.0000	0.0000	0.0000	0.0000	0.0000	0.0000	0.0000	0.0000	0.0000	0.5000	0.5000	0.5000	0.0000	0.0000	0.0000	0.0000
unlocked_ft_84	2	0	0	0	11	1.0000	0.6672	1.0000	0.0000	0.0000	0.0000	0.0000	0.0000	0.0000	0.0000	0.0000	0.0000	0.0000	0.0000	0.0000	0.0000	0.0000	0.0000	0.0000	0.0000	0.0000	0.5000	0.5000	0.5000	0.0000	0.0000	0.0000	0.0000
unlocked_ft_85	1	0	0	0	11	0.0000	0.5875	0.0000	0.0000	0.0000	0.0000	0.0000	0.0000	0.0000	0.0000	0.0000	0.0000	0.0000	0.0000	0.0000	0.0000	0.0000	0.0000	0.0000	0.0000	0.0000	0.5000	0.5000	0.5000	0.0000	0.0000	0.0000	0.0000
unlocked_ft_86	1	0	0	0	11	0.0000	0.5594	0.0000	0.0000	1.0000	0.0000	0.0000	0.0000	0.0000	0.0000	0.0000	0.0000	0.0000	0.0000	0.0000	0.0000	0.0000	0.0000	0.0000	0.0000	0.0000	0.5000	0.5000	0.5000	0.0000	0.0000	0.0000	0.0000
unlocked_ft_87	3	0	0	0	11	0.5000	0.7109	1.0000	0.0000	0.0000	0.0000	0.0000	0.0000	0.0000	0.0000	0.0000	0.0000	0.0000	0.0000	0.0000	0.0000	0.0000	0.0000	0.0000	0.0000	0.0000	0.5000	0.5000	0.5000	0.0000	0.0000	0.0000	0.0000
unlocked_ft_88	1	0	0	0	11	0.0000	0.7047	1.0000	0.0000	0.0000	0.0000	0.0000	0.0000	0.0000	0.0000	0.0000	0.0000	0.0000	0.0000	0.0000	0.0000	0.0000	0.0000	0.0000	0.0000	0.0000	0.5000	0.5000	0.5000	0.0000	0.0000	0.0000	0.0000
unlocked_ft_89	2	0	0	0	11	1.0000	0.3000	0.5000	0.0000	0.0000	0.5000	0.0000	0.0000	0.0000	0.0000	0.0000	0.0000	0.0000	0.0000	0.0000	0.0000	0.0000	0.0000	0.0000	0.0000	0.0000	0.5000	0.5000	0.5000	0.0000	0.0000	0.0000	0.0000
unlocked_ft_90	1	0	0	0	11	0.0000	0.5813	1.0000	0.0000	0.0000	0.0000	0.0000	0.0000	0.0000	0.0000	0.0000	0.0000	0.0000	0.0000	0.0000	0.0000	0.0000	0.0000	0.0000	0.0000	0.0000	0.5000	0.5000	0.5000	0.0000	0.0000	0.0000	0.0000
unlocked_ft_91	1	0	0	0	11	0.0000	0.6453	1.0000	0.0000	0.0000	0.0000	0.0000	0.0000	0.0000	0.0000	0.0000	0.0000	0.0000	0.0000	0.0000	0.0000	0.0000	0.0000	0.0000	0.0000	0.0000	0.5000	0.5000	0.5000	0.0000	0.0000	0.0000	0.0000
unlocked_ft_92	1	0	0	0	11	0.0000	0.2828	1.0000	0.0000	0.0000	0.0000	0.0000	0.0000	0.0000	0.0000	0.0000	0.0000	0.0000	0.0000	0.0000	0.0000	0.0000	0.0000	0.0000	0.0000	0.0000	0.5000	0.5000	0.5000	0.0000	0.0000	0.0000	0.0000
unlocked_ft_93	1	0	0	0	11	0.0000	0.5406	1.0000	0.0000	0.0000	0.0000	0.0000	0.0000	0.0000	0.0000	0.0000	0.0000	0.0000	0.0000	0.0000	0.0000	0.0000	0.0000	0.0000	0.0000	0.0000	0.5000	0.5000	0.5000	0.0000	0.0000	0.0000	0.0000
unlocked_ft_94	2	0	0	0	11	0.0000	0.6562	1.0000	0.0000	0.0000	0.0000	0.0000	0.0000	0.0000	0.0000	0.0000	0.0000	0.0000	0.0000	0.0000	0.0000	0.0000	0.0000	0.0000	0.0000	0.0000	0.5000	0.5000	0.5000	0.0000	0.0000	0.0000	0.0000
unlocked_ft_95	1	0	0	0	11	0.0000	0.3453	0.0000	0.0000	0.0000	1.0000	0.0000	0.0000	0.0000	0.0000	0.0000	0.0000	0.0000	0.0000	0.0000	0.0000	0.0000	0.0000	0.0000	0.0000	0.0000	0.5000	0.5000	0.5000	0.0000	0.0000	0.0000	0.0000
unlocked_ft_96	1	0	0	0	11	0.0000	0.4672	1.0000	0.0000	0.0000	0.0000	0.0000	0.0000	0.0000	0.0000	0.0000	0.0000	0.0000	0.0000	0.0000	0.0000	0.0000	0.0000	0.0000	0.0000	0.0000	0.5000	0.5000	0.5000	0.0000	0.0000	0.0000	0.0000
unlocked_ft_97	3	0	0	0	11	0.5000	0.8031	0.6667	0.0000	0.3333	0.0000	0.0000	0.0000	0.0000	0.0000	0.0000	0.0000	0.0000	0.0000	0.0000	0.0000	0.0000	0.0000	0.0000	0.0000	0.0000	0.5000	0.5000	0.5000	0.0000	0.0000	0.0000	0.0000
unlocked_ft_98	2	0	0	0	11	1.0000	0.6422	0.5000	0.0000	0.0000	0.5000	0.0000	0.0000	0.0000	0.0000	0.0000	0.0000	0.0000	0.0000	0.0000	0.0000	0.0000	0.0000	0.0000	0.0000	0.0000	0.5000	0.5000	0.5000	0.0000	0.0000	0.0000	0.0000
unlocked_ft_99	1	0	0	0	11	0.0000	0.5875	1.0000	0.0000	0.0000	0.0000	0.0000	0.0000	0.0000	0.0000	0.0000	0.0000	0.0000	0.0000	0.0000	0.0000	0.0000	0.0000	0.0000	0.0000	0.0000	0.5000	0.5000	0.5000	0.0000	0.0000	0.0000	0.0000
