locked_no_ft_23_1 # 1 # 819 # 1 # ID=24_1;partial=10;start_type=Edge;rbs_motif=None;rbs_spacer=None;genetic_code=11;gc_cont=0.586	GENOMAD.000350.CC	4.939E-22	99	0
locked_no_ft_75_1 # 3 # 803 # 1 # ID=76_1;partial=10;start_type=Edge;rbs_motif=None;rbs_spacer=None;genetic_code=11;gc_cont=0.715	GENOMAD.151901.CP	4.001E-04	44	0
locked_no_ft_54_1 # 3 # 1919 # 1 # ID=55_1;partial=11;start_type=Edge;rbs_motif=None;rbs_spacer=None;genetic_code=11;gc_cont=0.236	GENOMAD.151594.CP	7.027E-07	55	0
locked_no_ft_29_2 # 862 # 1920 # 1 # ID=30_2;partial=01;start_type=ATG;rbs_motif=None;rbs_spacer=None;genetic_code=11;gc_cont=0.309	GENOMAD.089557.VV	9.443E-11	66	1246
locked_no_ft_0_3 # 1099 # 1680 # -1 # ID=1_3;partial=00;start_type=ATG;rbs_motif=None;rbs_spacer=None;genetic_code=11;gc_cont=0.296	GENOMAD.121285.CP	4.265E-09	58	0
locked_no_ft_18_2 # 453 # 1238 # 1 # ID=19_2;partial=00;start_type=ATG;rbs_motif=AGGAGG;rbs_spacer=5-10bp;genetic_code=11;gc_cont=0.434	GENOMAD.137298.CP	1.006E-05	49	0
locked_no_ft_75_2 # 834 # 1085 # -1 # ID=76_2;partial=00;start_type=ATG;rbs_motif=GGAGG;rbs_spacer=5-10bp;genetic_code=11;gc_cont=0.690	GENOMAD.117349.VV	1.728E-07	49	1246
locked_no_ft_34_2 # 182 # 427 # 1 # ID=35_2;partial=00;start_type=ATG;rbs_motif=AAA;rbs_spacer=3bp;genetic_code=11;gc_cont=0.378	GENOMAD.146012.CP	3.167E-08	51	0
locked_no_ft_45_1 # 1 # 1317 # 1 # ID=46_1;partial=10;start_type=Edge;rbs_motif=None;rbs_spacer=None;genetic_code=11;gc_cont=0.343	GENOMAD.114680.CP	1.491E-74	260	1246
locked_no_ft_26_3 # 1369 # 1920 # 1 # ID=27_3;partial=01;start_type=ATG;rbs_motif=AGGAG;rbs_spacer=5-10bp;genetic_code=11;gc_cont=0.313	GENOMAD.121906.CP	1.640E-07	53	0
