gene	start	end	length	strand	gc_content	genetic_code	rbs_motif	marker	evalue	bitscore	uscg	plasmid_hallmark	virus_hallmark	taxid	taxname	annotation_conjscan	annotation_amr	annotation_accessions	annotation_description
locked_no_ft_0_1	1	435	435	1	0.398	11	None	NA	NA	NA	0	0	0	1	NA	NA	NA	NA	NA
locked_no_ft_0_2	523	804	282	-1	0.316	11	GGAG/GAGG	NA	NA	NA	0	0	0	1	NA	NA	NA	NA	NA
locked_no_ft_0_3	1099	1680	582	-1	0.296	11	None	GENOMAD.121285.CP	4.265e-09	58	0	0	0	1	NA	NA	NA	PF01914;COG2095;TIGR00427	Small neutral amino acid transporter SnatA, MarC family
locked_no_ft_0_4	1757	1918	162	-1	0.346	11	None	NA	NA	NA	0	0	0	1	NA	NA	NA	NA	NA
locked_no_ft_1_1	3	1112	1110	1	0.268	11	None	NA	NA	NA	0	0	0	1	NA	NA	NA	NA	NA
locked_no_ft_1_2	1209	1574	366	1	0.290	11	AGxAGG/AGGxGG	NA	NA	NA	0	0	0	1	NA	NA	NA	NA	NA
locked_no_ft_1_3	1737	1919	183	1	0.186	11	GGA/GAG/AGG	NA	NA	NA	0	0	0	1	NA	NA	NA	NA	NA
locked_no_ft_2_1	3	1250	1248	1	0.362	11	None	NA	NA	NA	0	0	0	1	NA	NA	NA	NA	NA
locked_no_ft_2_2	1252	1470	219	1	0.297	11	AGGAGG	NA	NA	NA	0	0	0	1	NA	NA	NA	NA	NA
locked_no_ft_2_3	1482	1919	438	1	0.358	11	AGGAG	NA	NA	NA	0	0	0	1	NA	NA	NA	NA	NA
locked_no_ft_3_1	2	1321	1320	1	0.595	11	None	NA	NA	NA	0	0	0	1	NA	NA	NA	NA	NA
locked_no_ft_3_2	1432	1920	489	1	0.611	11	AGGAG	NA	NA	NA	0	0	0	1	NA	NA	NA	NA	NA
locked_no_ft_4_1	479	1918	1440	-1	0.488	11	None	NA	NA	NA	0	0	0	1	NA	NA	NA	NA	NA
locked_no_ft_5_1	1	1134	1134	1	0.471	11	None	NA	NA	NA	0	0	0	1	NA	NA	NA	NA	NA
locked_no_ft_5_2	1139	1918	780	1	0.453	11	AGxAGG/AGGxGG	NA	NA	NA	0	0	0	1	NA	NA	NA	NA	NA
locked_no_ft_6_1	2	283	282	-1	0.422	11	AGxAGG/AGGxGG	NA	NA	NA	0	0	0	1	NA	NA	NA	NA	NA
locked_no_ft_6_2	324	545	222	-1	0.405	11	GGAGG	NA	NA	NA	0	0	0	1	NA	NA	NA	NA	NA
locked_no_ft_6_3	835	1266	432	1	0.435	11	AGxAGG/AGGxGG	NA	NA	NA	0	0	0	1	NA	NA	NA	NA	NA
locked_no_ft_6_4	1343	1918	576	1	0.408	11	AGGAGG	NA	NA	NA	0	0	0	1	NA	NA	NA	NA	NA
locked_no_ft_7_1	3	1919	1917	-1	0.839	11	None	NA	NA	NA	0	0	0	1	NA	NA	NA	NA	NA
locked_no_ft_8_1	1	1920	1920	-1	0.774	11	None	NA	NA	NA	0	0	0	1	NA	NA	NA	NA	NA
locked_no_ft_9_1	3	1919	1917	1	0.605	11	None	NA	NA	NA	0	0	0	1	NA	NA	NA	NA	NA
locked_no_ft_10_1	522	1103	582	-1	0.373	11	None	NA	NA	NA	0	0	0	1	NA	NA	NA	NA	NA
locked_no_ft_10_2	1168	1920	753	-1	0.426	11	None	NA	NA	NA	0	0	0	1	NA	NA	NA	NA	NA
locked_no_ft_11_1	3	1919	1917	-1	0.472	11	None	NA	NA	NA	0	0	0	1	NA	NA	NA	NA	NA
locked_no_ft_12_1	1	1092	1092	-1	0.669	11	AGGAG	NA	NA	NA	0	0	0	1	NA	NA	NA	NA	NA
locked_no_ft_12_2	1089	1919	831	-1	0.699	11	None	NA	NA	NA	0	0	0	1	NA	NA	NA	NA	NA
locked_no_ft_13_1	3	611	609	1	0.309	11	None	NA	NA	NA	0	0	0	1	NA	NA	NA	NA	NA
locked_no_ft_13_2	755	997	243	1	0.321	11	AGGAG	NA	NA	NA	0	0	0	1	NA	NA	NA	NA	NA
locked_no_ft_13_3	1175	1432	258	1	0.279	11	GGA/GAG/AGG	NA	NA	NA	0	0	0	1	NA	NA	NA	NA	NA
locked_no_ft_13_4	1445	1855	411	1	0.158	11	AGGAG	NA	NA	NA	0	0	0	1	NA	NA	NA	NA	NA
locked_no_ft_14_1	4	447	444	-1	0.502	11	None	NA	NA	NA	0	0	0	1	NA	NA	NA	NA	NA
locked_no_ft_14_2	637	1062	426	1	0.486	11	AGGAG	NA	NA	NA	0	0	0	1	NA	NA	NA	NA	NA
locked_no_ft_14_3	1119	1919	801	-1	0.612	11	None	NA	NA	NA	0	0	0	1	NA	NA	NA	NA	NA
locked_no_ft_15_1	3	866	864	1	0.413	11	None	NA	NA	NA	0	0	0	1	NA	NA	NA	NA	NA
locked_no_ft_16_1	1	1920	1920	-1	0.604	11	None	NA	NA	NA	0	0	0	1	NA	NA	NA	NA	NA
locked_no_ft_17_1	414	1919	1506	-1	0.600	11	None	NA	NA	NA	0	0	0	1	NA	NA	NA	NA	NA
locked_no_ft_18_1	3	284	282	-1	0.340	11	AGGAG	NA	NA	NA	0	0	0	1	NA	NA	NA	NA	NA
locked_no_ft_18_2	453	1238	786	1	0.434	11	AGGAGG	GENOMAD.137298.CP	1.006e-05	49	0	0	0	1	NA	NA	NA	PF00497;TIGR02285;COG0834;K02424	conserved hypothetical protein
locked_no_ft_18_3	1264	1920	657	1	0.449	11	GGA/GAG/AGG	NA	NA	NA	0	0	0	1	NA	NA	NA	NA	NA
locked_no_ft_19_1	135	1919	1785	1	0.471	11	None	NA	NA	NA	0	0	0	1	NA	NA	NA	NA	NA
locked_no_ft_20_1	3	620	618	1	0.350	15	None	NA	NA	NA	0	0	0	1	NA	NA	NA	NA	NA
locked_no_ft_20_2	637	1920	1284	1	0.285	15	None	NA	NA	NA	0	0	0	1	NA	NA	NA	NA	NA
locked_no_ft_21_1	222	467	246	1	0.386	11	GGA/GAG/AGG	NA	NA	NA	0	0	0	1	NA	NA	NA	NA	NA
locked_no_ft_21_2	478	789	312	1	0.340	11	AGGAGG	NA	NA	NA	0	0	0	1	NA	NA	NA	NA	NA
locked_no_ft_21_3	819	1487	669	1	0.374	11	GGAGG	NA	NA	NA	0	0	0	1	NA	NA	NA	NA	NA
locked_no_ft_21_4	1491	1919	429	1	0.312	11	GGAGG	NA	NA	NA	0	0	0	1	NA	NA	NA	NA	NA
locked_no_ft_22_1	219	542	324	1	0.355	11	AAA	NA	NA	NA	0	0	0	1	NA	NA	NA	NA	NA
locked_no_ft_22_2	545	1132	588	1	0.245	11	None	NA	NA	NA	0	0	0	1	NA	NA	NA	NA	NA
locked_no_ft_22_3	1304	1918	615	1	0.302	11	TAA	NA	NA	NA	0	0	0	1	NA	NA	NA	NA	NA
locked_no_ft_23_1	1	819	819	1	0.586	11	None	GENOMAD.000350.CC	4.939e-22	99	0	0	0	1	NA	NA	NA	PF02591;K07164;COG1579	Predicted  nucleic acid-binding protein, contains Zn-ribbon domain
locked_no_ft_24_1	2	883	882	1	0.568	11	None	NA	NA	NA	0	0	0	1	NA	NA	NA	NA	NA
locked_no_ft_24_2	914	1918	1005	1	0.607	11	None	NA	NA	NA	0	0	0	1	NA	NA	NA	NA	NA
locked_no_ft_25_1	51	1511	1461	-1	0.599	11	AGGAGG	NA	NA	NA	0	0	0	1	NA	NA	NA	NA	NA
locked_no_ft_25_2	1516	1920	405	-1	0.580	11	None	NA	NA	NA	0	0	0	1	NA	NA	NA	NA	NA
locked_no_ft_26_1	253	351	99	1	0.364	11	AGGAG	NA	NA	NA	0	0	0	1	NA	NA	NA	NA	NA
locked_no_ft_26_2	305	1264	960	1	0.298	11	AGGAG	NA	NA	NA	0	0	0	1	NA	NA	NA	NA	NA
locked_no_ft_26_3	1369	1920	552	1	0.313	11	AGGAG	GENOMAD.121906.CP	1.64e-07	53	0	0	0	1	NA	NA	NA	PF07969;TIGR03178;COG0402;K01466	allantoinase
locked_no_ft_27_1	29	331	303	-1	0.604	11	GGxGG	NA	NA	NA	0	0	0	1	NA	NA	NA	NA	NA
locked_no_ft_27_2	357	1919	1563	-1	0.677	11	None	NA	NA	NA	0	0	0	1	NA	NA	NA	NA	NA
locked_no_ft_28_1	3	149	147	1	0.367	11	None	NA	NA	NA	0	0	0	1	NA	NA	NA	NA	NA
locked_no_ft_28_2	181	1920	1740	1	0.432	11	GGAG/GAGG	NA	NA	NA	0	0	0	1	NA	NA	NA	NA	NA
locked_no_ft_29_1	77	838	762	1	0.331	11	AGGAG	NA	NA	NA	0	0	0	1	NA	NA	NA	NA	NA
locked_no_ft_29_2	862	1920	1059	1	0.309	11	None	GENOMAD.089557.VV	9.443e-11	66	0	0	0	1246	Caudoviricetes	NA	NA	K03987	NA
locked_no_ft_30_1	3	1265	1263	1	0.340	11	None	NA	NA	NA	0	0	0	1	NA	NA	NA	NA	NA
locked_no_ft_30_2	1303	1869	567	1	0.016	11	TAA	NA	NA	NA	0	0	0	1	NA	NA	NA	NA	NA
locked_no_ft_31_1	1	1920	1920	1	0.367	11	None	NA	NA	NA	0	0	0	1	NA	NA	NA	NA	NA
locked_no_ft_32_1	1	489	489	1	0.327	11	None	NA	NA	NA	0	0	0	1	NA	NA	NA	NA	NA
locked_no_ft_32_2	486	938	453	1	0.307	11	None	NA	NA	NA	0	0	0	1	NA	NA	NA	NA	NA
locked_no_ft_32_3	951	1250	300	1	0.337	11	GGA/GAG/AGG	NA	NA	NA	0	0	0	1	NA	NA	NA	NA	NA
locked_no_ft_32_4	1335	1616	282	1	0.259	11	GGAG/GAGG	NA	NA	NA	0	0	0	1	NA	NA	NA	NA	NA
locked_no_ft_32_5	1670	1918	249	-1	0.273	11	None	NA	NA	NA	0	0	0	1	NA	NA	NA	NA	NA
locked_no_ft_33_1	3	710	708	1	0.287	11	None	NA	NA	NA	0	0	0	1	NA	NA	NA	NA	NA
locked_no_ft_33_2	733	1920	1188	-1	0.348	11	None	NA	NA	NA	0	0	0	1	NA	NA	NA	NA	NA
locked_no_ft_34_1	1	174	174	1	0.362	11	None	NA	NA	NA	0	0	0	1	NA	NA	NA	NA	NA
locked_no_ft_34_2	182	427	246	1	0.378	11	AAA	GENOMAD.146012.CP	3.167e-08	51	0	0	0	1	NA	NA	NA	PF04255;COG2442	Uncharacterized conserved protein, DUF433 family
locked_no_ft_34_3	427	795	369	1	0.290	11	None	NA	NA	NA	0	0	0	1	NA	NA	NA	NA	NA
locked_no_ft_34_4	807	1229	423	1	0.246	11	TAA	NA	NA	NA	0	0	0	1	NA	NA	NA	NA	NA
locked_no_ft_34_5	1226	1918	693	1	0.222	11	TATAA	NA	NA	NA	0	0	0	1	NA	NA	NA	NA	NA
locked_no_ft_35_1	2	358	357	1	0.347	11	None	NA	NA	NA	0	0	0	1	NA	NA	NA	NA	NA
locked_no_ft_35_2	360	689	330	1	0.327	11	AATAA	NA	NA	NA	0	0	0	1	NA	NA	NA	NA	NA
locked_no_ft_35_3	676	1077	402	1	0.353	11	AAAAA	NA	NA	NA	0	0	0	1	NA	NA	NA	NA	NA
locked_no_ft_35_4	1064	1447	384	1	0.284	11	AAA	NA	NA	NA	0	0	0	1	NA	NA	NA	NA	NA
locked_no_ft_35_5	1466	1636	171	1	0.368	11	AAAAAA	NA	NA	NA	0	0	0	1	NA	NA	NA	NA	NA
locked_no_ft_35_6	1638	1844	207	1	0.121	11	AAAAA	NA	NA	NA	0	0	0	1	NA	NA	NA	NA	NA
locked_no_ft_35_7	1834	1920	87	1	0.023	11	AAAAAA	NA	NA	NA	0	0	0	1	NA	NA	NA	NA	NA
locked_no_ft_36_1	1	1920	1920	1	0.233	11	None	NA	NA	NA	0	0	0	1	NA	NA	NA	NA	NA
locked_no_ft_37_1	3	1919	1917	1	0.546	11	None	NA	NA	NA	0	0	0	1	NA	NA	NA	NA	NA
locked_no_ft_38_1	1	1041	1041	1	0.287	11	None	NA	NA	NA	0	0	0	1	NA	NA	NA	NA	NA
locked_no_ft_38_2	1025	1918	894	1	0.287	11	GGAGG	NA	NA	NA	0	0	0	1	NA	NA	NA	NA	NA
locked_no_ft_39_1	3	1919	1917	1	0.311	11	None	NA	NA	NA	0	0	0	1	NA	NA	NA	NA	NA
locked_no_ft_40_1	1	372	372	1	0.390	11	None	NA	NA	NA	0	0	0	1	NA	NA	NA	NA	NA
locked_no_ft_40_2	356	604	249	1	0.430	11	AGGAGG	NA	NA	NA	0	0	0	1	NA	NA	NA	NA	NA
locked_no_ft_40_3	589	963	375	1	0.392	11	GGAG/GAGG	NA	NA	NA	0	0	0	1	NA	NA	NA	NA	NA
locked_no_ft_40_4	972	1202	231	1	0.377	11	AGGAG	NA	NA	NA	0	0	0	1	NA	NA	NA	NA	NA
locked_no_ft_40_5	1199	1393	195	1	0.441	11	None	NA	NA	NA	0	0	0	1	NA	NA	NA	NA	NA
locked_no_ft_40_6	1377	1571	195	1	0.328	11	AGxAG	NA	NA	NA	0	0	0	1	NA	NA	NA	NA	NA
locked_no_ft_40_7	1587	1763	177	1	0.266	11	AGGAGG	NA	NA	NA	0	0	0	1	NA	NA	NA	NA	NA
locked_no_ft_40_8	1747	1920	174	1	0.270	11	AGGA/GGAG/GAGG	NA	NA	NA	0	0	0	1	NA	NA	NA	NA	NA
locked_no_ft_41_1	2	100	99	1	0.202	15	None	NA	NA	NA	0	0	0	1	NA	NA	NA	NA	NA
locked_no_ft_41_2	87	299	213	1	0.197	15	TAAA	NA	NA	NA	0	0	0	1	NA	NA	NA	NA	NA
locked_no_ft_41_3	632	1918	1287	-1	0.023	15	None	NA	NA	NA	0	0	0	1	NA	NA	NA	NA	NA
locked_no_ft_42_1	1	204	204	1	0.289	11	None	NA	NA	NA	0	0	0	1	NA	NA	NA	NA	NA
locked_no_ft_42_2	385	1920	1536	1	0.311	11	AGGAG/GGAGG	NA	NA	NA	0	0	0	1	NA	NA	NA	NA	NA
locked_no_ft_43_1	1	195	195	1	0.246	11	None	NA	NA	NA	0	0	0	1	NA	NA	NA	NA	NA
locked_no_ft_43_2	201	1919	1719	-1	0.163	11	None	NA	NA	NA	0	0	0	1	NA	NA	NA	NA	NA
locked_no_ft_44_1	3	1919	1917	1	0.176	11	None	NA	NA	NA	0	0	0	1	NA	NA	NA	NA	NA
locked_no_ft_45_1	1	1317	1317	1	0.343	11	None	GENOMAD.114680.CP	1.491e-74	260	0	0	0	1246	Caudoviricetes	NA	NA	PF01769;PF03448;PF00478;K06213;TIGR00400;COG2239	Mg2+ transporter (mgtE)
locked_no_ft_45_2	1327	1809	483	1	0.257	11	AGGAGG	NA	NA	NA	0	0	0	1	NA	NA	NA	NA	NA
locked_no_ft_45_3	1816	1920	105	1	0.219	11	GGA/GAG/AGG	NA	NA	NA	0	0	0	1	NA	NA	NA	NA	NA
locked_no_ft_46_1	59	385	327	1	0.324	11	TAA	NA	NA	NA	0	0	0	1	NA	NA	NA	NA	NA
locked_no_ft_46_2	448	1128	681	1	0.229	11	None	NA	NA	NA	0	0	0	1	NA	NA	NA	NA	NA
locked_no_ft_46_3	1137	1919	783	1	0.119	11	AAAAA	NA	NA	NA	0	0	0	1	NA	NA	NA	NA	NA
locked_no_ft_47_1	1	660	660	1	0.229	11	None	NA	NA	NA	0	0	0	1	NA	NA	NA	NA	NA
locked_no_ft_47_2	730	1338	609	1	0.266	11	None	NA	NA	NA	0	0	0	1	NA	NA	NA	NA	NA
locked_no_ft_47_3	1419	1919	501	-1	0.190	11	None	NA	NA	NA	0	0	0	1	NA	NA	NA	NA	NA
locked_no_ft_48_1	741	1919	1179	1	0.408	11	AGGAG/GGAGG	NA	NA	NA	0	0	0	1	NA	NA	NA	NA	NA
locked_no_ft_49_1	183	1919	1737	-1	0.223	4	None	NA	NA	NA	0	0	0	1	NA	NA	NA	NA	NA
locked_no_ft_50_1	1	1920	1920	1	0.162	11	None	NA	NA	NA	0	0	0	1	NA	NA	NA	NA	NA
locked_no_ft_51_1	3	635	633	1	0.340	11	None	NA	NA	NA	0	0	0	1	NA	NA	NA	NA	NA
locked_no_ft_51_2	676	1920	1245	1	0.287	11	None	NA	NA	NA	0	0	0	1	NA	NA	NA	NA	NA
locked_no_ft_52_1	3	137	135	1	0.237	11	None	NA	NA	NA	0	0	0	1	NA	NA	NA	NA	NA
locked_no_ft_52_2	171	1550	1380	1	0.091	11	None	NA	NA	NA	0	0	0	1	NA	NA	NA	NA	NA
locked_no_ft_53_1	1	321	321	1	0.293	11	None	NA	NA	NA	0	0	0	1	NA	NA	NA	NA	NA
locked_no_ft_53_2	318	1415	1098	1	0.269	11	GGxGG	NA	NA	NA	0	0	0	1	NA	NA	NA	NA	NA
locked_no_ft_53_3	1463	1918	456	1	0.173	11	4Base/6BMM	NA	NA	NA	0	0	0	1	NA	NA	NA	NA	NA
locked_no_ft_54_1	3	1919	1917	1	0.236	11	None	GENOMAD.151594.CP	7.027e-07	55	0	0	0	1	NA	NA	NA	PF12569;PF07079;COG0457;TIGR02917;K03354	Tetratricopeptide (TPR) repeat
locked_no_ft_55_1	2	1666	1665	1	0.215	11	None	NA	NA	NA	0	0	0	1	NA	NA	NA	NA	NA
locked_no_ft_56_1	124	462	339	1	0.324	11	AGGAG	NA	NA	NA	0	0	0	1	NA	NA	NA	NA	NA
locked_no_ft_56_2	681	1919	1239	-1	0.111	11	None	NA	NA	NA	0	0	0	1	NA	NA	NA	NA	NA
locked_no_ft_57_1	2	211	210	-1	0.200	11	AAAA	NA	NA	NA	0	0	0	1	NA	NA	NA	NA	NA
locked_no_ft_57_2	1567	1920	354	-1	0.000	11	None	NA	NA	NA	0	0	0	1	NA	NA	NA	NA	NA
locked_no_ft_58_1	1	1920	1920	1	0.244	11	None	NA	NA	NA	0	0	0	1	NA	NA	NA	NA	NA
locked_no_ft_59_1	1	216	216	1	0.356	11	None	NA	NA	NA	0	0	0	1	NA	NA	NA	NA	NA
locked_no_ft_59_2	567	665	99	-1	0.172	11	AAAA	NA	NA	NA	0	0	0	1	NA	NA	NA	NA	NA
locked_no_ft_60_1	1	591	591	1	0.206	11	None	NA	NA	NA	0	0	0	1	NA	NA	NA	NA	NA
locked_no_ft_60_2	611	1918	1308	1	0.047	11	AAA	NA	NA	NA	0	0	0	1	NA	NA	NA	NA	NA
locked_no_ft_61_1	367	1920	1554	1	0.454	11	AGxAGG/AGGxGG	NA	NA	NA	0	0	0	1	NA	NA	NA	NA	NA
locked_no_ft_62_1	98	751	654	1	0.352	11	AAAAT	NA	NA	NA	0	0	0	1	NA	NA	NA	NA	NA
locked_no_ft_62_2	790	1338	549	1	0.355	11	AAAAT	NA	NA	NA	0	0	0	1	NA	NA	NA	NA	NA
locked_no_ft_62_3	1377	1919	543	1	0.355	11	AAAAT	NA	NA	NA	0	0	0	1	NA	NA	NA	NA	NA
locked_no_ft_63_1	2	91	90	1	0.500	11	None	NA	NA	NA	0	0	0	1	NA	NA	NA	NA	NA
locked_no_ft_63_2	132	593	462	-1	0.455	11	GGA/GAG/AGG	NA	NA	NA	0	0	0	1	NA	NA	NA	NA	NA
locked_no_ft_63_3	853	1536	684	1	0.415	11	None	NA	NA	NA	0	0	0	1	NA	NA	NA	NA	NA
locked_no_ft_63_4	1526	1918	393	1	0.389	11	AGGAG	NA	NA	NA	0	0	0	1	NA	NA	NA	NA	NA
locked_no_ft_64_1	28	1920	1893	-1	0.251	11	None	NA	NA	NA	0	0	0	1	NA	NA	NA	NA	NA
locked_no_ft_65_1	2	148	147	1	0.415	11	None	NA	NA	NA	0	0	0	1	NA	NA	NA	NA	NA
locked_no_ft_65_2	166	357	192	1	0.375	11	GGA/GAG/AGG	NA	NA	NA	0	0	0	1	NA	NA	NA	NA	NA
locked_no_ft_65_3	399	557	159	1	0.270	11	None	NA	NA	NA	0	0	0	1	NA	NA	NA	NA	NA
locked_no_ft_65_4	545	919	375	1	0.283	11	GGAG/GAGG	NA	NA	NA	0	0	0	1	NA	NA	NA	NA	NA
locked_no_ft_65_5	916	1200	285	1	0.340	11	AGGAG	NA	NA	NA	0	0	0	1	NA	NA	NA	NA	NA
locked_no_ft_65_6	1197	1298	102	1	0.382	11	AGGAG	NA	NA	NA	0	0	0	1	NA	NA	NA	NA	NA
locked_no_ft_65_7	1291	1533	243	1	0.342	11	GGAG/GAGG	NA	NA	NA	0	0	0	1	NA	NA	NA	NA	NA
locked_no_ft_65_8	1536	1919	384	1	0.247	11	AGGAG	NA	NA	NA	0	0	0	1	NA	NA	NA	NA	NA
locked_no_ft_66_1	1	168	168	1	0.446	11	None	NA	NA	NA	0	0	0	1	NA	NA	NA	NA	NA
locked_no_ft_66_2	165	1919	1755	-1	0.409	11	None	NA	NA	NA	0	0	0	1	NA	NA	NA	NA	NA
locked_no_ft_67_1	3	1256	1254	1	0.368	11	None	NA	NA	NA	0	0	0	1	NA	NA	NA	NA	NA
locked_no_ft_67_2	1272	1919	648	1	0.377	11	GGAG/GAGG	NA	NA	NA	0	0	0	1	NA	NA	NA	NA	NA
locked_no_ft_69_1	1731	1919	189	-1	0.630	11	None	NA	NA	NA	0	0	0	1	NA	NA	NA	NA	NA
locked_no_ft_70_1	3	1919	1917	-1	0.232	11	None	NA	NA	NA	0	0	0	1	NA	NA	NA	NA	NA
locked_no_ft_71_1	1	720	720	1	0.396	11	None	NA	NA	NA	0	0	0	1	NA	NA	NA	NA	NA
locked_no_ft_71_2	729	1490	762	1	0.240	11	GGA/GAG/AGG	NA	NA	NA	0	0	0	1	NA	NA	NA	NA	NA
locked_no_ft_71_3	1493	1897	405	1	0.200	11	GGAG/GAGG	NA	NA	NA	0	0	0	1	NA	NA	NA	NA	NA
locked_no_ft_72_1	2	352	351	1	0.399	11	None	NA	NA	NA	0	0	0	1	NA	NA	NA	NA	NA
locked_no_ft_72_2	588	839	252	-1	0.464	11	GGAG/GAGG	NA	NA	NA	0	0	0	1	NA	NA	NA	NA	NA
locked_no_ft_72_3	1333	1848	516	1	0.421	11	None	NA	NA	NA	0	0	0	1	NA	NA	NA	NA	NA
locked_no_ft_73_1	2	1918	1917	1	0.690	11	None	NA	NA	NA	0	0	0	1	NA	NA	NA	NA	NA
locked_no_ft_74_1	217	1173	957	-1	0.538	11	AGGAG/GGAGG	NA	NA	NA	0	0	0	1	NA	NA	NA	NA	NA
locked_no_ft_74_2	1297	1920	624	-1	0.519	11	None	NA	NA	NA	0	0	0	1	NA	NA	NA	NA	NA
locked_no_ft_75_1	3	803	801	1	0.715	11	None	GENOMAD.151901.CP	0.0004001	44	0	0	0	1	NA	NA	NF033088	PF00753;K05555;TIGR04558;COG0491	quinoprotein relay system zinc metallohydrolase 1
locked_no_ft_75_2	834	1085	252	-1	0.690	11	GGAGG	GENOMAD.117349.VV	1.728e-07	49	0	0	0	1246	Caudoviricetes	NA	NA	PF04908;K03674;COG0695;TIGR02190	Glutaredoxin
locked_no_ft_75_3	1108	1635	528	-1	0.777	11	GGxGG	NA	NA	NA	0	0	0	1	NA	NA	NA	NA	NA
locked_no_ft_75_4	1632	1919	288	-1	0.771	11	None	NA	NA	NA	0	0	0	1	NA	NA	NA	NA	NA
locked_no_ft_76_1	1	1182	1182	1	0.519	11	None	NA	NA	NA	0	0	0	1	NA	NA	NA	NA	NA
locked_no_ft_76_2	1272	1919	648	1	0.515	11	GGAG/GAGG	NA	NA	NA	0	0	0	1	NA	NA	NA	NA	NA
locked_no_ft_77_1	3	1091	1089	1	0.498	11	None	NA	NA	NA	0	0	0	1	NA	NA	NA	NA	NA
locked_no_ft_77_2	1386	1919	534	1	0.451	11	GGA/GAG/AGG	NA	NA	NA	0	0	0	1	NA	NA	NA	NA	NA
locked_no_ft_78_1	3	593	591	1	0.416	11	None	NA	NA	NA	0	0	0	1	NA	NA	NA	NA	NA
locked_no_ft_78_2	538	1905	1368	1	0.375	11	None	NA	NA	NA	0	0	0	1	NA	NA	NA	NA	NA
locked_no_ft_79_1	3	647	645	1	0.665	11	None	NA	NA	NA	0	0	0	1	NA	NA	NA	NA	NA
locked_no_ft_79_2	644	1918	1275	1	0.810	11	AGGA/GGAG/GAGG	NA	NA	NA	0	0	0	1	NA	NA	NA	NA	NA
locked_no_ft_80_1	90	461	372	-1	0.562	11	AGGAG	NA	NA	NA	0	0	0	1	NA	NA	NA	NA	NA
locked_no_ft_80_2	578	1816	1239	1	0.638	11	GGAG/GAGG	NA	NA	NA	0	0	0	1	NA	NA	NA	NA	NA
locked_no_ft_81_1	3	1355	1353	1	0.414	11	None	NA	NA	NA	0	0	0	1	NA	NA	NA	NA	NA
locked_no_ft_81_2	1532	1918	387	1	0.367	11	None	NA	NA	NA	0	0	0	1	NA	NA	NA	NA	NA
locked_no_ft_82_1	3	1919	1917	1	0.472	11	None	NA	NA	NA	0	0	0	1	NA	NA	NA	NA	NA
locked_no_ft_83_1	134	532	399	1	0.469	11	None	NA	NA	NA	0	0	0	1	NA	NA	NA	NA	NA
locked_no_ft_83_2	778	1503	726	-1	0.307	11	None	NA	NA	NA	0	0	0	1	NA	NA	NA	NA	NA
locked_no_ft_83_3	1493	1918	426	-1	0.239	11	None	NA	NA	NA	0	0	0	1	NA	NA	NA	NA	NA
locked_no_ft_84_1	3	1439	1437	1	0.437	11	None	NA	NA	NA	0	0	0	1	NA	NA	NA	NA	NA
locked_no_ft_84_2	1449	1919	471	-1	0.403	11	None	NA	NA	NA	0	0	0	1	NA	NA	NA	NA	NA
locked_no_ft_85_1	2	136	135	1	0.519	11	None	NA	NA	NA	0	0	0	1	NA	NA	NA	NA	NA
locked_no_ft_85_2	146	1171	1026	-1	0.482	11	ATAT	NA	NA	NA	0	0	0	1	NA	NA	NA	NA	NA
locked_no_ft_85_3	1184	1918	735	-1	0.479	11	None	NA	NA	NA	0	0	0	1	NA	NA	NA	NA	NA
locked_no_ft_86_1	105	1919	1815	1	0.493	11	GGA/GAG/AGG	NA	NA	NA	0	0	0	1	NA	NA	NA	NA	NA
locked_no_ft_87_1	2	295	294	1	0.405	11	None	NA	NA	NA	0	0	0	1	NA	NA	NA	NA	NA
locked_no_ft_87_2	314	1225	912	1	0.413	11	AGGA	NA	NA	NA	0	0	0	1	NA	NA	NA	NA	NA
locked_no_ft_87_3	1254	1919	666	1	0.441	11	AGGA	NA	NA	NA	0	0	0	1	NA	NA	NA	NA	NA
locked_no_ft_88_1	2	526	525	1	0.482	11	None	NA	NA	NA	0	0	0	1	NA	NA	NA	NA	NA
locked_no_ft_88_2	593	1189	597	1	0.404	11	AGGAG	NA	NA	NA	0	0	0	1	NA	NA	NA	NA	NA
locked_no_ft_88_3	1211	1918	708	1	0.371	11	None	NA	NA	NA	0	0	0	1	NA	NA	NA	NA	NA
locked_no_ft_89_1	122	1918	1797	-1	0.269	11	None	NA	NA	NA	0	0	0	1	NA	NA	NA	NA	NA
locked_no_ft_90_1	293	1918	1626	-1	0.418	11	None	NA	NA	NA	0	0	0	1	NA	NA	NA	NA	NA
locked_no_ft_91_1	1	276	276	1	0.377	11	None	NA	NA	NA	0	0	0	1	NA	NA	NA	NA	NA
locked_no_ft_91_2	366	1556	1191	1	0.371	11	GGxGG	NA	NA	NA	0	0	0	1	NA	NA	NA	NA	NA
locked_no_ft_91_3	1642	1920	279	-1	0.319	11	None	NA	NA	NA	0	0	0	1	NA	NA	NA	NA	NA
locked_no_ft_92_1	314	1918	1605	1	0.520	11	AGGAG	NA	NA	NA	0	0	0	1	NA	NA	NA	NA	NA
locked_no_ft_93_1	2	127	126	1	0.214	11	None	NA	NA	NA	0	0	0	1	NA	NA	NA	NA	NA
locked_no_ft_93_2	141	1559	1419	-1	0.270	11	AGGAGG	NA	NA	NA	0	0	0	1	NA	NA	NA	NA	NA
locked_no_ft_93_3	1620	1919	300	-1	0.163	11	None	NA	NA	NA	0	0	0	1	NA	NA	NA	NA	NA
locked_no_ft_94_1	157	564	408	1	0.400	11	GGA/GAG/AGG	NA	NA	NA	0	0	0	1	NA	NA	NA	NA	NA
locked_no_ft_94_2	639	950	312	1	0.385	11	GGA/GAG/AGG	NA	NA	NA	0	0	0	1	NA	NA	NA	NA	NA
locked_no_ft_94_3	931	1407	477	1	0.335	11	None	NA	NA	NA	0	0	0	1	NA	NA	NA	NA	NA
locked_no_ft_94_4	1552	1920	369	1	0.360	11	GGAG/GAGG	NA	NA	NA	0	0	0	1	NA	NA	NA	NA	NA
locked_no_ft_95_1	3	1871	1869	1	0.417	11	None	NA	NA	NA	0	0	0	1	NA	NA	NA	NA	NA
locked_no_ft_96_1	2	604	603	1	0.438	11	None	NA	NA	NA	0	0	0	1	NA	NA	NA	NA	NA
locked_no_ft_96_2	679	1920	1242	1	0.422	11	GGAG/GAGG	NA	NA	NA	0	0	0	1	NA	NA	NA	NA	NA
locked_no_ft_97_1	3	1703	1701	1	0.459	11	None	NA	NA	NA	0	0	0	1	NA	NA	NA	NA	NA
locked_no_ft_97_2	1706	1918	213	1	0.399	11	GGAG/GAGG	NA	NA	NA	0	0	0	1	NA	NA	NA	NA	NA
locked_no_ft_98_1	2	1918	1917	-1	0.271	11	None	NA	NA	NA	0	0	0	1	NA	NA	NA	NA	NA
locked_no_ft_99_1	3	1919	1917	1	0.509	11	None	NA	NA	NA	0	0	0	1	NA	NA	NA	NA	NA
