coding_fraction,display,gc_content,genomad_error,genomad_score,kmer_jaccard,kmer_memorized_fraction,mean_orf_len,memorized,model,orf_count,seq_idx,seq_length
1.0468,Pretrained,0.5146,,0.2759,0.0,0.0,134.2,False,pretrained,4,0,513
0.7661,Pretrained,0.2398,,0.146,0.0,0.0,131.0,False,pretrained,3,1,513
1.0234,Pretrained,0.6881,,0.1794,0.0,0.0,262.5,False,pretrained,2,2,513
1.0,Pretrained,0.7271,,0.229,0.0,0.0,513.0,False,pretrained,1,3,513
0.9474,Pretrained,0.46,,0.3174,0.0,0.0,243.0,False,pretrained,2,4,513
0.9942,Pretrained,0.7641,,0.2918,0.0,0.0,510.0,False,pretrained,1,5,513
0.9942,Pretrained,0.7446,,0.2855,0.0,0.0,510.0,False,pretrained,1,6,513
0.9708,Pretrained,0.577,,0.1475,0.0,0.0,498.0,False,pretrained,1,7,513
0.9942,Pretrained,0.7427,,0.2825,0.0,0.0,510.0,False,pretrained,1,8,513
0.9883,Pretrained,0.4172,,0.4351,0.0,0.0,253.5,False,pretrained,2,9,513
0.9942,Pretrained,0.729,,0.3708,0.0,0.0,510.0,False,pretrained,1,10,513
0.6608,Pretrained,0.3548,,0.5775,0.0,0.0,339.0,False,pretrained,1,11,513
0.8772,Pretrained,0.1735,,0.6927,0.0,0.0,450.0,False,pretrained,1,12,513
1.0585,Pretrained,0.4366,,0.2808,0.0,0.0,181.0,False,pretrained,3,13,513
1.0,Pretrained,0.4133,,0.6719,0.0,0.0,513.0,False,pretrained,1,14,513
1.0,Pretrained,0.4581,,0.2618,0.0,0.0,513.0,False,pretrained,1,15,513
1.0,Pretrained,0.7407,,0.373,0.0,0.0,256.5,False,pretrained,2,16,513
1.0702,Pretrained,0.2554,,0.2709,0.0,0.0,274.5,False,pretrained,2,17,513
1.0292,Pretrained,0.3899,,0.1296,0.0,0.0,264.0,False,pretrained,2,18,513
0.9942,Pretrained,0.6355,,0.258,0.0,0.0,510.0,False,pretrained,1,19,513
0.9649,Pretrained,0.425,,0.1524,0.0,0.0,495.0,False,pretrained,1,20,513
0.9942,Pretrained,0.694,,0.3043,0.0,0.0,510.0,False,pretrained,1,21,513
0.9942,Pretrained,0.7135,,0.2941,0.0,0.0,510.0,False,pretrained,1,22,513
1.0,Pretrained,0.7076,,0.3274,0.0,0.0061,513.0,False,pretrained,1,23,513
0.9474,Pretrained,0.2788,,0.3115,0.0,0.0061,162.0,False,pretrained,3,24,513
0.9708,Pretrained,0.5575,,0.2305,0.0,0.0,498.0,False,pretrained,1,25,513
1.0,Pretrained,0.768,,0.2598,0.0,0.0,513.0,False,pretrained,1,26,513
0.9415,Pretrained,0.5848,,0.6825,0.0,0.0,241.5,False,pretrained,2,27,513
0.9942,Pretrained,0.6238,,0.2,0.0,0.0,510.0,False,pretrained,1,28,513
1.1287,Pretrained,0.5575,,0.4044,0.0,0.0,193.0,False,pretrained,3,29,513
1.0,Pretrained,0.3041,,0.4449,0.0,0.0,513.0,False,pretrained,1,30,513
0.9942,Pretrained,0.7797,,0.146,0.0,0.0,510.0,False,pretrained,1,31,513
0.6784,Pretrained,0.4444,,0.5267,0.0,0.0,174.0,False,pretrained,2,32,513
1.0702,Pretrained,0.7836,,0.3355,0.0,0.0,183.0,False,pretrained,3,33,513
0.9942,Pretrained,0.7836,,0.0662,0.0,0.0,510.0,False,pretrained,1,34,513
0.731,Pretrained,0.3665,,0.1598,0.0,0.0,187.5,False,pretrained,2,35,513
0.8304,Pretrained,0.2671,,0.2075,0.0,0.0,426.0,False,pretrained,1,36,513
0.924,Pretrained,0.4152,,0.4944,0.0,0.0,474.0,False,pretrained,1,37,513
0.8889,Pretrained,0.6316,,0.1756,0.0,0.0,456.0,False,pretrained,1,38,513
0.7251,Pretrained,0.8109,,0.2726,0.0,0.0,372.0,False,pretrained,1,39,513
0.9181,Pretrained,0.5478,,0.2527,0.0,0.0183,471.0,False,pretrained,1,40,513
0.9298,Pretrained,0.5965,,0.3084,0.0,0.0,477.0,False,pretrained,1,41,513
1.0,Pretrained,0.4659,,0.1986,0.0,0.0,513.0,False,pretrained,1,42,513
0.9474,Pretrained,0.6491,,0.4786,0.0,0.0,486.0,False,pretrained,1,43,513
0.9942,Pretrained,0.2632,,0.2905,0.0,0.0,510.0,False,pretrained,1,44,513
0.9942,Pretrained,0.7739,,0.231,0.0,0.0,510.0,False,pretrained,1,45,513
1.0,Pretrained,0.6745,,0.1602,0.0,0.0,513.0,False,pretrained,1,46,513
0.9825,Pretrained,0.655,,0.3565,0.0,0.0,252.0,False,pretrained,2,47,513
0.9064,Pretrained,0.5205,,0.2692,0.0,0.0,465.0,False,pretrained,1,48,513
0.9942,Pretrained,0.8363,,0.2394,0.0,0.0,510.0,False,pretrained,1,49,513
0.924,Pretrained,0.7173,,0.2393,0.0,0.0,474.0,False,pretrained,1,50,513
1.0,Pretrained,0.7193,,0.2577,0.0,0.0,513.0,False,pretrained,1,51,513
0.9006,Pretrained,0.1969,,0.5028,0.0,0.0,231.0,False,pretrained,2,52,513
0.9942,Pretrained,0.7407,,0.3449,0.0,0.0081,510.0,False,pretrained,1,53,513
0.9357,Pretrained,0.653,,0.219,0.0,0.0,480.0,False,pretrained,1,54,513
0.9942,Pretrained,0.7622,,0.2974,0.0,0.0,510.0,False,pretrained,1,55,513
0.9532,Pretrained,0.3255,,0.3799,0.0,0.0,163.0,False,pretrained,3,56,513
0.9883,Pretrained,0.2865,,0.6961,0.0,0.0,169.0,False,pretrained,3,57,513
0.9942,Pretrained,0.7427,,0.2168,0.0,0.002,510.0,False,pretrained,1,58,513
0.9942,Pretrained,0.7193,,0.2346,0.0,0.0,510.0,False,pretrained,1,59,513
0.9298,Pretrained,0.7505,,0.1757,0.0,0.002,477.0,False,pretrained,1,60,513
1.0,Pretrained,0.7934,,0.2852,0.0,0.0,513.0,False,pretrained,1,61,513
0.9591,Pretrained,0.232,,0.5402,0.0,0.0,246.0,False,pretrained,2,62,513
0.9298,Pretrained,0.3918,,0.3841,0.0,0.0,477.0,False,pretrained,1,63,513
0.924,Pretrained,0.4074,,0.4232,0.0,0.0,474.0,False,pretrained,1,64,513
0.9942,Pretrained,0.729,,0.0198,0.0,0.0,510.0,False,pretrained,1,65,513
0.9708,Pretrained,0.5692,,0.2274,0.0,0.0,498.0,False,pretrained,1,66,513
0.8713,Pretrained,0.7018,,0.2607,0.0,0.0,447.0,False,pretrained,1,67,513
1.0,Pretrained,0.6823,,0.2111,0.0,0.0,513.0,False,pretrained,1,68,513
0.9942,Pretrained,0.3099,,0.2331,0.0,0.0,510.0,False,pretrained,1,69,513
0.9942,Pretrained,0.6998,,0.1259,0.0,0.0,510.0,False,pretrained,1,70,513
0.9532,Pretrained,0.4172,,0.3104,0.0,0.0,163.0,False,pretrained,3,71,513
0.8246,Pretrained,0.3119,,0.1268,0.0,0.002,211.5,False,pretrained,2,72,513
1.0,Pretrained,0.7154,,0.202,0.0,0.002,513.0,False,pretrained,1,73,513
0.9591,Pretrained,0.77,,0.2329,0.0,0.0,492.0,False,pretrained,1,74,513
0.9942,Pretrained,0.6764,,0.3041,0.0,0.0,510.0,False,pretrained,1,75,513
1.0,Pretrained,0.5595,,0.0606,0.0,0.0,256.5,False,pretrained,2,76,513
0.9942,Pretrained,0.5244,,0.2572,0.0,0.0,255.0,False,pretrained,2,77,513
0.8772,Pretrained,0.306,,0.5847,0.0,0.0,450.0,False,pretrained,1,78,513
0.9942,Pretrained,0.2534,,0.4842,0.0,0.0,510.0,False,pretrained,1,79,513
0.8246,Pretrained,0.4971,,0.1295,0.0,0.002,211.5,False,pretrained,2,80,513
0.9942,Pretrained,0.2261,,0.3746,0.0,0.002,510.0,False,pretrained,1,81,513
1.0,Pretrained,0.6472,,0.2245,0.0,0.0,513.0,False,pretrained,1,82,513
0.8596,Pretrained,0.7622,,0.1669,0.0,0.0,220.5,False,pretrained,2,83,513
1.0175,Pretrained,0.4873,,0.6275,0.0,0.0,261.0,False,pretrained,2,84,513
0.9532,Pretrained,0.6101,,0.3023,0.0,0.002,163.0,False,pretrained,3,85,513
0.4035,Pretrained,0.2554,,0.4759,0.0,0.0,103.5,False,pretrained,2,86,513
1.0,Pretrained,0.7505,,0.1752,0.0,0.002,513.0,False,pretrained,1,87,513
0.9942,Pretrained,0.5244,,0.9017,0.0,0.0,510.0,False,pretrained,1,88,513
0.9181,Pretrained,0.6569,,0.183,0.0,0.0,471.0,False,pretrained,1,89,513
1.0,Pretrained,0.54,,0.1923,0.0,0.0,513.0,False,pretrained,1,90,513
1.0,Pretrained,0.7271,,0.2326,0.0,0.0,513.0,False,pretrained,1,91,513
1.0,Pretrained,0.6628,,0.3176,0.0,0.0,513.0,False,pretrained,1,92,513
0.9942,Pretrained,0.6784,,0.3001,0.0,0.0,510.0,False,pretrained,1,93,513
0.9942,Pretrained,0.7914,,0.198,0.0,0.002,510.0,False,pretrained,1,94,513
0.9942,Pretrained,0.7973,,0.3148,0.0,0.0,510.0,False,pretrained,1,95,513
0.8363,Pretrained,0.3411,,0.3189,0.0,0.0,214.5,False,pretrained,2,96,513
0.8421,Pretrained,0.4464,,0.1698,0.0,0.0,144.0,False,pretrained,3,97,513
0.9942,Pretrained,0.653,,0.2483,0.0,0.0,510.0,False,pretrained,1,98,513
0.9181,Pretrained,0.3879,,0.5873,0.0,0.0,471.0,False,pretrained,1,99,513
1.0819,Locked-no-FT,0.5068,,0.4953,0.0,0.0,277.5,False,locked_no_ft,2,0,513
1.0,Locked-no-FT,0.2105,,0.3695,0.0,0.0,513.0,False,locked_no_ft,1,1,513
0.9766,Locked-no-FT,0.5984,,0.3809,0.0,0.0,250.5,False,locked_no_ft,2,2,513
1.0,Locked-no-FT,0.7641,,0.2443,0.0,0.0061,513.0,False,locked_no_ft,1,3,513
0.9181,Locked-no-FT,0.3704,,0.7244,0.0,0.0,471.0,False,locked_no_ft,1,4,513
1.0117,Locked-no-FT,0.6667,,0.1534,0.0,0.0,173.0,False,locked_no_ft,3,5,513
0.9942,Locked-no-FT,0.7485,,0.3028,0.0,0.002,510.0,False,locked_no_ft,1,6,513
0.9708,Locked-no-FT,0.5458,,0.2525,0.0,0.0,498.0,False,locked_no_ft,1,7,513
0.9942,Locked-no-FT,0.6979,,0.2543,0.0,0.0,510.0,False,locked_no_ft,1,8,513
0.9883,Locked-no-FT,0.3938,,0.3627,0.0,0.0,253.5,False,locked_no_ft,2,9,513
0.9825,Locked-no-FT,0.7037,,0.4509,0.0,0.0,504.0,False,locked_no_ft,1,10,513
1.0,Locked-no-FT,0.2885,,0.3542,0.0,0.0,513.0,False,locked_no_ft,1,11,513
0.6608,Locked-no-FT,0.2066,,0.5394,0.0,0.0,169.5,False,locked_no_ft,2,12,513
0.9766,Locked-no-FT,0.3684,,0.3752,0.0,0.0,250.5,False,locked_no_ft,2,13,513
1.0,Locked-no-FT,0.4172,,0.5052,0.0,0.0,513.0,False,locked_no_ft,1,14,513
0.9766,Locked-no-FT,0.4854,,0.3635,0.0,0.0,250.5,False,locked_no_ft,2,15,513
0.9942,Locked-no-FT,0.7778,,0.2887,0.0,0.0,510.0,False,locked_no_ft,1,16,513
1.0,Locked-no-FT,0.2261,,0.2367,0.0,0.0,513.0,False,locked_no_ft,1,17,513
0.9942,Locked-no-FT,0.5029,,0.4325,0.0,0.0,255.0,False,locked_no_ft,2,18,513
0.9766,Locked-no-FT,0.2437,,0.2002,0.0,0.0,167.0,False,locked_no_ft,3,19,513
0.9532,Locked-no-FT,0.3996,,0.1702,0.0,0.0,244.5,False,locked_no_ft,2,20,513
0.9942,Locked-no-FT,0.6667,,0.3223,0.0,0.0,510.0,False,locked_no_ft,1,21,513
0.9357,Locked-no-FT,0.729,,0.5236,0.0,0.0,480.0,False,locked_no_ft,1,22,513
0.9649,Locked-no-FT,0.6881,,0.1633,0.0,0.0,495.0,False,locked_no_ft,1,23,513
0.9123,Locked-no-FT,0.2222,,0.2855,0.0,0.0041,234.0,False,locked_no_ft,2,24,513
0.9708,Locked-no-FT,0.6433,,0.2047,0.0,0.0,498.0,False,locked_no_ft,1,25,513
0.9942,Locked-no-FT,0.8012,,0.2781,0.0,0.002,510.0,False,locked_no_ft,1,26,513
0.9942,Locked-no-FT,0.6374,,0.3197,0.0,0.0,510.0,False,locked_no_ft,1,27,513
0.9942,Locked-no-FT,0.7193,,0.269,0.0,0.0,170.0,False,locked_no_ft,3,28,513
1.0,Locked-no-FT,0.6023,,0.2413,0.0,0.0,513.0,False,locked_no_ft,1,29,513
0.8012,Locked-no-FT,0.3431,,0.4717,0.0,0.0,411.0,False,locked_no_ft,1,30,513
0.9942,Locked-no-FT,0.4698,,0.4464,0.0,0.0,510.0,False,locked_no_ft,1,31,513
1.0175,Locked-no-FT,0.6452,,0.2003,0.0,0.0,174.0,False,locked_no_ft,3,32,513
1.0,Locked-no-FT,0.8031,,0.2692,0.0,0.0,513.0,False,locked_no_ft,1,33,513
0.9942,Locked-no-FT,0.8324,,0.2084,0.0,0.0041,510.0,False,locked_no_ft,1,34,513
0.9649,Locked-no-FT,0.4912,,0.3847,0.0,0.0,495.0,False,locked_no_ft,1,35,513
1.0,Locked-no-FT,0.2924,,0.4274,0.0,0.0,513.0,False,locked_no_ft,1,36,513
0.924,Locked-no-FT,0.3918,,0.6497,0.0,0.0,474.0,False,locked_no_ft,1,37,513
0.9883,Locked-no-FT,0.5244,,0.1498,0.0,0.0,253.5,False,locked_no_ft,2,38,513
1.0,Locked-no-FT,0.7778,,0.1941,0.0,0.0,513.0,False,locked_no_ft,1,39,513
0.9942,Locked-no-FT,0.538,,0.178,0.0,0.0,510.0,False,locked_no_ft,1,40,513
0.8129,Locked-no-FT,0.3957,,0.2006,0.0,0.0,139.0,False,locked_no_ft,3,41,513
1.0,Locked-no-FT,0.4795,,0.3108,0.0,0.0,513.0,False,locked_no_ft,1,42,513
1.0,Locked-no-FT,0.5984,,0.3933,0.0,0.0,256.5,False,locked_no_ft,2,43,513
0.9415,Locked-no-FT,0.1949,,0.5865,0.0,0.0,483.0,False,locked_no_ft,1,44,513
0.9942,Locked-no-FT,0.7778,,0.2547,0.0,0.0,510.0,False,locked_no_ft,1,45,513
0.9298,Locked-no-FT,0.6218,,0.3899,0.0,0.0,477.0,False,locked_no_ft,1,46,513
1.0,Locked-no-FT,0.6959,,0.2561,0.0,0.0061,513.0,False,locked_no_ft,1,47,513
0.8187,Locked-no-FT,0.4581,,0.172,0.0,0.0,140.0,False,locked_no_ft,3,48,513
1.0,Locked-no-FT,0.7797,,0.3339,0.0,0.0,513.0,False,locked_no_ft,1,49,513
0.9006,Locked-no-FT,0.6901,,0.3332,0.0,0.0,462.0,False,locked_no_ft,1,50,513
1.0,Locked-no-FT,0.6355,,0.3684,0.0,0.0,513.0,False,locked_no_ft,1,51,513
0.924,Locked-no-FT,0.2398,,0.4834,0.0,0.0,474.0,False,locked_no_ft,1,52,513
0.9942,Locked-no-FT,0.7661,,0.2837,0.0,0.0,510.0,False,locked_no_ft,1,53,513
1.0,Locked-no-FT,0.5614,,0.2533,0.0,0.0,513.0,False,locked_no_ft,1,54,513
0.9357,Locked-no-FT,0.6355,,0.2166,0.0,0.0,160.0,False,locked_no_ft,3,55,513
0.9942,Locked-no-FT,0.4269,,0.3982,0.0,0.0,510.0,False,locked_no_ft,1,56,513
0.8596,Locked-no-FT,0.3489,,0.2144,0.0,0.0,220.5,False,locked_no_ft,2,57,513
0.9942,Locked-no-FT,0.7135,,0.2531,0.0,0.0,510.0,False,locked_no_ft,1,58,513
0.9942,Locked-no-FT,0.7563,,0.3743,0.0,0.0,510.0,False,locked_no_ft,1,59,513
0.924,Locked-no-FT,0.7407,,0.151,0.0,0.0,237.0,False,locked_no_ft,2,60,513
0.9942,Locked-no-FT,0.7895,,0.3477,0.0,0.002,510.0,False,locked_no_ft,1,61,513
0.9883,Locked-no-FT,0.2807,,0.2189,0.0,0.0,253.5,False,locked_no_ft,2,62,513
0.5146,Locked-no-FT,0.3684,,0.1401,0.0,0.0,264.0,False,locked_no_ft,1,63,513
0.2573,Locked-no-FT,0.1306,,0.3906,1e-06,0.039,132.0,False,locked_no_ft,1,64,513
0.9942,Locked-no-FT,0.7096,,0.3834,0.0,0.0,510.0,False,locked_no_ft,1,65,513
0.9942,Locked-no-FT,0.6043,,0.2053,0.0,0.0,510.0,False,locked_no_ft,1,66,513
1.0,Locked-no-FT,0.6764,,0.2298,0.0,0.0,513.0,False,locked_no_ft,1,67,513
0.9298,Locked-no-FT,0.655,,0.3005,0.0,0.0,477.0,False,locked_no_ft,1,68,513
0.7895,Locked-no-FT,0.2437,,0.2923,0.0,0.0163,135.0,False,locked_no_ft,3,69,513
0.9942,Locked-no-FT,0.6511,,0.3517,0.0,0.0,510.0,False,locked_no_ft,1,70,513
0.924,Locked-no-FT,0.4503,,0.3142,0.0,0.0,158.0,False,locked_no_ft,3,71,513
0.9415,Locked-no-FT,0.6355,,0.1353,0.0,0.0,241.5,False,locked_no_ft,2,72,513
1.0,Locked-no-FT,0.7466,,0.2075,0.0,0.0,513.0,False,locked_no_ft,1,73,513
0.8889,Locked-no-FT,0.6218,,0.2187,0.0,0.0,456.0,False,locked_no_ft,1,74,513
0.9942,Locked-no-FT,0.7115,,0.3033,0.0,0.0,510.0,False,locked_no_ft,1,75,513
0.9766,Locked-no-FT,0.2846,,0.7054,0.0,0.0,250.5,False,locked_no_ft,2,76,513
0.9942,Locked-no-FT,0.5673,,0.1769,0.0,0.0,510.0,False,locked_no_ft,1,77,513
0.9006,Locked-no-FT,0.3743,,0.2866,0.0,0.0,462.0,False,locked_no_ft,1,78,513
0.9942,Locked-no-FT,0.308,,0.561,0.0,0.0,510.0,False,locked_no_ft,1,79,513
0.7778,Locked-no-FT,0.4464,,0.1204,0.0,0.0,199.5,False,locked_no_ft,2,80,513
0.8713,Locked-no-FT,0.2398,,0.895,0.0,0.0,447.0,False,locked_no_ft,1,81,513
0.924,Locked-no-FT,0.3723,,0.3285,0.0,0.0,474.0,False,locked_no_ft,1,82,513
0.9474,Locked-no-FT,0.7368,,0.3666,0.0,0.0,486.0,False,locked_no_ft,1,83,513
0.9942,Locked-no-FT,0.6862,,0.2276,0.0,0.0041,510.0,False,locked_no_ft,1,84,513
1.0,Locked-no-FT,0.692,,0.0895,0.0,0.0,513.0,False,locked_no_ft,1,85,513
0.7427,Locked-no-FT,0.2982,,0.119,0.0,0.0,381.0,False,locked_no_ft,1,86,513
0.9298,Locked-no-FT,0.7135,,0.2182,0.0,0.0,477.0,False,locked_no_ft,1,87,513
0.9942,Locked-no-FT,0.5848,,0.5024,0.0,0.0,510.0,False,locked_no_ft,1,88,513
0.9942,Locked-no-FT,0.6784,,0.1924,0.0,0.0,510.0,False,locked_no_ft,1,89,513
1.0,Locked-no-FT,0.4639,,0.2708,0.0,0.0,513.0,False,locked_no_ft,1,90,513
1.0,Locked-no-FT,0.7641,,0.1932,0.0,0.0,513.0,False,locked_no_ft,1,91,513
1.0,Locked-no-FT,0.6979,,0.264,0.0,0.0,513.0,False,locked_no_ft,1,92,513
0.9942,Locked-no-FT,0.6803,,0.3576,0.0,0.0,510.0,False,locked_no_ft,1,93,513
0.9942,Locked-no-FT,0.7778,,0.2068,0.0,0.0,510.0,False,locked_no_ft,1,94,513
1.0351,Locked-no-FT,0.7427,,0.0489,0.0,0.002,265.5,False,locked_no_ft,2,95,513
0.9766,Locked-no-FT,0.3996,,0.2942,0.0,0.0,501.0,False,locked_no_ft,1,96,513
0.9766,Locked-no-FT,0.4659,,0.1905,0.0,0.0,250.5,False,locked_no_ft,2,97,513
1.0234,Locked-no-FT,0.6667,,0.1234,0.0,0.0,131.2,False,locked_no_ft,4,98,513
0.6374,Locked-no-FT,0.3002,,0.1548,0.0,0.0,109.0,False,locked_no_ft,3,99,513
0.9591,Unlocked-FT,0.4951,,0.5404,0.0,0.0,492.0,False,unlocked_ft,1,0,513
0.7427,Unlocked-FT,0.2105,,0.4528,0.0,0.0041,381.0,False,unlocked_ft,1,1,513
0.8947,Unlocked-FT,0.3899,,0.575,0.0,0.0,229.5,False,unlocked_ft,2,2,513
0.9708,Unlocked-FT,0.6218,,0.309,0.0,0.0,498.0,False,unlocked_ft,1,3,513
0.9942,Unlocked-FT,0.3782,,0.6779,0.0,0.0,510.0,False,unlocked_ft,1,4,513
0.9942,Unlocked-FT,0.3119,,0.7597,0.0,0.0,510.0,False,unlocked_ft,1,5,513
0.9942,Unlocked-FT,0.9025,,0.1986,0.0,0.0083,510.0,False,unlocked_ft,1,6,513
0.9064,Unlocked-FT,0.3489,,0.5205,0.0,0.0,465.0,False,unlocked_ft,1,7,513
0.8304,Unlocked-FT,0.2788,,0.703,0.0,0.0,426.0,False,unlocked_ft,1,8,513
0.9942,Unlocked-FT,0.3879,,0.6459,0.0,0.0,510.0,False,unlocked_ft,1,9,513
1.0,Unlocked-FT,0.4366,,0.6011,0.0,0.0,513.0,False,unlocked_ft,1,10,513
1.0,Unlocked-FT,0.1267,,0.5697,0.0,0.0061,513.0,False,unlocked_ft,1,11,513
0.9942,Unlocked-FT,0.1793,,0.6853,0.0,0.0,510.0,False,unlocked_ft,1,12,513
0.9766,Unlocked-FT,0.306,,0.7064,0.0,0.0,501.0,False,unlocked_ft,1,13,513
1.0,Unlocked-FT,0.3918,,0.7312,0.0,0.0,513.0,False,unlocked_ft,1,14,513
0.9883,Unlocked-FT,0.3879,,0.6841,0.0,0.0,507.0,False,unlocked_ft,1,15,513
0.9006,Unlocked-FT,0.3021,,0.6565,0.0,0.0,462.0,False,unlocked_ft,1,16,513
0.9942,Unlocked-FT,0.3957,,0.6359,0.0,0.0,510.0,False,unlocked_ft,1,17,513
0.9123,Unlocked-FT,0.3626,,0.7124,0.0,0.0,468.0,False,unlocked_ft,1,18,513
0.8772,Unlocked-FT,0.3606,,0.7431,0.0,0.0,450.0,False,unlocked_ft,1,19,513
0.8772,Unlocked-FT,0.2456,,0.5643,0.0,0.0,450.0,False,unlocked_ft,1,20,513
0.9532,Unlocked-FT,0.4464,,0.6939,0.0,0.0,489.0,False,unlocked_ft,1,21,513
1.0,Unlocked-FT,0.6043,,0.6359,0.0,0.0,513.0,False,unlocked_ft,1,22,513
0.9708,Unlocked-FT,0.4581,,0.2484,0.0,0.0,498.0,False,unlocked_ft,1,23,513
0.9415,Unlocked-FT,0.1131,,0.5116,0.0,0.0061,483.0,False,unlocked_ft,1,24,513
0.9357,Unlocked-FT,0.4211,,0.6355,0.0,0.0,240.0,False,unlocked_ft,2,25,513
0.9415,Unlocked-FT,0.4795,,0.7738,0.0,0.0,483.0,False,unlocked_ft,1,26,513
0.9123,Unlocked-FT,0.3509,,0.7308,0.0,0.0,468.0,False,unlocked_ft,1,27,513
0.9298,Unlocked-FT,0.4561,,0.7501,0.0,0.0,477.0,False,unlocked_ft,1,28,513
1.0,Unlocked-FT,0.3216,,0.7091,0.0,0.0,513.0,False,unlocked_ft,1,29,513
1.0,Unlocked-FT,0.2534,,0.7555,0.0,0.0,513.0,False,unlocked_ft,1,30,513
0.9942,Unlocked-FT,0.4327,,0.7682,0.0,0.0,510.0,False,unlocked_ft,1,31,513
0.924,Unlocked-FT,0.2846,,0.7205,0.0,0.0,474.0,False,unlocked_ft,1,32,513
1.0,Unlocked-FT,0.3879,,0.7683,0.0,0.0,513.0,False,unlocked_ft,1,33,513
0.9942,Unlocked-FT,0.768,,0.45,0.0,0.0211,510.0,False,unlocked_ft,1,34,513
0.9942,Unlocked-FT,0.4016,,0.6169,0.0,0.0,510.0,False,unlocked_ft,1,35,513
0.9942,Unlocked-FT,0.2398,,0.6677,0.0,0.0,510.0,False,unlocked_ft,1,36,513
0.8889,Unlocked-FT,0.462,,0.7319,0.0,0.0,456.0,False,unlocked_ft,1,37,513
0.9942,Unlocked-FT,0.577,,0.5192,0.0,0.0,510.0,False,unlocked_ft,1,38,513
1.0,Unlocked-FT,0.6823,,0.281,0.0,0.0,256.5,False,unlocked_ft,2,39,513
1.0,Unlocked-FT,0.3782,,0.6818,0.0,0.0,513.0,False,unlocked_ft,1,40,513
0.9181,Unlocked-FT,0.2827,,0.6499,0.0,0.0,235.5,False,unlocked_ft,2,41,513
0.9474,Unlocked-FT,0.5809,,0.6394,0.0,0.0,162.0,False,unlocked_ft,3,42,513
0.9064,Unlocked-FT,0.4211,,0.5594,0.0,0.0,155.0,False,unlocked_ft,3,43,513
0.9942,Unlocked-FT,0.3236,,0.7577,0.0,0.0,510.0,False,unlocked_ft,1,44,513
0.9942,Unlocked-FT,0.7427,,0.32,0.0,0.0061,510.0,False,unlocked_ft,1,45,513
0.9942,Unlocked-FT,0.6628,,0.4359,0.0,0.0,510.0,False,unlocked_ft,1,46,513
0.9942,Unlocked-FT,0.2788,,0.4544,0.0,0.0,510.0,False,unlocked_ft,1,47,513
0.9474,Unlocked-FT,0.3762,,0.5747,0.0,0.0,486.0,False,unlocked_ft,1,48,513
1.0175,Unlocked-FT,0.4659,,0.7552,0.0,0.0,130.5,False,unlocked_ft,4,49,513
1.0,Unlocked-FT,0.5205,,0.5463,0.0,0.0,513.0,False,unlocked_ft,1,50,513
0.9942,Unlocked-FT,0.2359,,0.6622,0.0,0.0,510.0,False,unlocked_ft,1,51,513
0.924,Unlocked-FT,0.2885,,0.689,0.0,0.002,474.0,False,unlocked_ft,1,52,513
0.9942,Unlocked-FT,0.5497,,0.7018,0.0,0.0,510.0,False,unlocked_ft,1,53,513
0.8713,Unlocked-FT,0.2183,,0.3118,0.0,0.002,447.0,False,unlocked_ft,1,54,513
0.9766,Unlocked-FT,0.46,,0.7017,0.0,0.0,501.0,False,unlocked_ft,1,55,513
0.8538,Unlocked-FT,0.2476,,0.5677,0.0,0.0,146.0,False,unlocked_ft,3,56,513
1.0,Unlocked-FT,0.3294,,0.4293,0.0,0.0,513.0,False,unlocked_ft,1,57,513
1.0,Unlocked-FT,0.5283,,0.7266,0.0,0.0,513.0,False,unlocked_ft,1,58,513
0.9942,Unlocked-FT,0.4094,,0.501,0.0,0.0,510.0,False,unlocked_ft,1,59,513
0.9298,Unlocked-FT,0.5809,,0.608,0.0,0.0,477.0,False,unlocked_ft,1,60,513
0.9942,Unlocked-FT,0.6179,,0.5559,0.0,0.0,510.0,False,unlocked_ft,1,61,513
0.9532,Unlocked-FT,0.2437,,0.7372,0.0,0.0,489.0,False,unlocked_ft,1,62,513
1.0,Unlocked-FT,0.2807,,0.731,0.0,0.0,513.0,False,unlocked_ft,1,63,513
0.8947,Unlocked-FT,0.271,,0.7591,0.0,0.0,459.0,False,unlocked_ft,1,64,513
0.9591,Unlocked-FT,0.3626,,0.7075,0.0,0.0,492.0,False,unlocked_ft,1,65,513
0.9942,Unlocked-FT,0.616,,0.2353,0.0,0.0,510.0,False,unlocked_ft,1,66,513
0.924,Unlocked-FT,0.3509,,0.7806,0.0,0.0,474.0,False,unlocked_ft,1,67,513
1.0,Unlocked-FT,0.2827,,0.5105,0.0,0.0,513.0,False,unlocked_ft,1,68,513
0.9942,Unlocked-FT,0.3197,,0.4864,0.0,0.0,510.0,False,unlocked_ft,1,69,513
0.9708,Unlocked-FT,0.4366,,0.3449,0.0,0.0,498.0,False,unlocked_ft,1,70,513
0.9415,Unlocked-FT,0.308,,0.7765,0.0,0.0,483.0,False,unlocked_ft,1,71,513
0.9942,Unlocked-FT,0.3099,,0.6553,0.0,0.0,510.0,False,unlocked_ft,1,72,513
0.9942,Unlocked-FT,0.4113,,0.7301,0.0,0.0,510.0,False,unlocked_ft,1,73,513
0.9591,Unlocked-FT,0.2807,,0.7083,0.0,0.0,492.0,False,unlocked_ft,1,74,513
0.9942,Unlocked-FT,0.4834,,0.6657,0.0,0.0,510.0,False,unlocked_ft,1,75,513
0.9942,Unlocked-FT,0.3704,,0.7167,0.0,0.0,510.0,False,unlocked_ft,1,76,513
0.9591,Unlocked-FT,0.5361,,0.7607,0.0,0.0,492.0,False,unlocked_ft,1,77,513
0.8538,Unlocked-FT,0.6803,,0.246,0.0,0.0,438.0,False,unlocked_ft,1,78,513
0.807,Unlocked-FT,0.3801,,0.743,0.0,0.0,103.5,False,unlocked_ft,4,79,513
0.9942,Unlocked-FT,0.3158,,0.64,0.0,0.0,510.0,False,unlocked_ft,1,80,513
0.9766,Unlocked-FT,0.3899,,0.7431,0.0,0.0,501.0,False,unlocked_ft,1,81,513
0.924,Unlocked-FT,0.3431,,0.4847,0.0,0.0,474.0,False,unlocked_ft,1,82,513
0.9181,Unlocked-FT,0.5107,,0.7932,0.0,0.0,471.0,False,unlocked_ft,1,83,513
0.9942,Unlocked-FT,0.4581,,0.6437,0.0,0.0,510.0,False,unlocked_ft,1,84,513
1.0,Unlocked-FT,0.9357,,0.1725,0.0,0.0333,513.0,False,unlocked_ft,1,85,513
0.0,Unlocked-FT,0.0858,,0.1214,1e-06,0.0487,0.0,False,unlocked_ft,0,86,513
0.9415,Unlocked-FT,0.2632,,0.7724,0.0,0.0,483.0,False,unlocked_ft,1,87,513
0.9942,Unlocked-FT,0.7524,,0.3352,0.0,0.0,510.0,False,unlocked_ft,1,88,513
0.9942,Unlocked-FT,0.46,,0.7415,0.0,0.0,510.0,False,unlocked_ft,1,89,513
0.9415,Unlocked-FT,0.4288,,0.6893,0.0,0.0,483.0,False,unlocked_ft,1,90,513
1.0409,Unlocked-FT,0.538,,0.2808,0.0,0.0,133.5,False,unlocked_ft,4,91,513
0.9825,Unlocked-FT,0.4639,,0.6457,0.0,0.0061,504.0,False,unlocked_ft,1,92,513
0.8947,Unlocked-FT,0.3236,,0.7743,0.0,0.0,459.0,False,unlocked_ft,1,93,513
0.8538,Unlocked-FT,0.5945,,0.7722,0.0,0.0,438.0,False,unlocked_ft,1,94,513
0.9942,Unlocked-FT,0.5439,,0.5402,0.0,0.0,510.0,False,unlocked_ft,1,95,513
0.9123,Unlocked-FT,0.3411,,0.6839,0.0,0.0,468.0,False,unlocked_ft,1,96,513
0.9591,Unlocked-FT,0.3587,,0.6726,0.0,0.0,492.0,False,unlocked_ft,1,97,513
0.924,Unlocked-FT,0.3918,,0.6552,0.0,0.0,474.0,False,unlocked_ft,1,98,513
0.9181,Unlocked-FT,0.2671,,0.7625,0.0,0.0,471.0,False,unlocked_ft,1,99,513
0.8889,M (α=3×10⁵),0.3957,,0.4821,0.0,0.0,114.0,False,M_a300k,4,0,513
0.6023,M (α=3×10⁵),0.2047,,0.5631,0.0,0.002,154.5,False,M_a300k,2,1,513
0.9415,M (α=3×10⁵),0.2982,,0.6825,0.0,0.0,483.0,False,M_a300k,1,2,513
1.0468,M (α=3×10⁵),0.4113,,0.587,0.0,0.0,268.5,False,M_a300k,2,3,513
0.9123,M (α=3×10⁵),0.3645,,0.7136,0.0,0.0,234.0,False,M_a300k,2,4,513
0.9942,M (α=3×10⁵),0.2612,,0.7325,0.0,0.0,510.0,False,M_a300k,1,5,513
0.9942,M (α=3×10⁵),0.7641,,0.2682,0.0,0.0,510.0,False,M_a300k,1,6,513
0.7895,M (α=3×10⁵),0.4133,,0.5926,0.0,0.0,135.0,False,M_a300k,3,7,513
0.2105,M (α=3×10⁵),0.1462,,0.3816,0.0,0.0,108.0,False,M_a300k,1,8,513
0.9942,M (α=3×10⁵),0.3294,,0.7152,0.0,0.0,170.0,False,M_a300k,3,9,513
1.0,M (α=3×10⁵),0.462,,0.6769,0.0,0.0,513.0,False,M_a300k,1,10,513
0.7778,M (α=3×10⁵),0.2008,,0.5275,0.0,0.0,199.5,False,M_a300k,2,11,513
0.5205,M (α=3×10⁵),0.1969,,0.4862,0.0,0.002,133.5,False,M_a300k,2,12,513
0.9883,M (α=3×10⁵),0.3567,,0.7436,0.0,0.0,507.0,False,M_a300k,1,13,513
0.9064,M (α=3×10⁵),0.2671,,0.7672,0.0,0.0,465.0,False,M_a300k,1,14,513
1.0,M (α=3×10⁵),0.4522,,0.759,0.0,0.0,256.5,False,M_a300k,2,15,513
1.076,M (α=3×10⁵),0.3392,,0.7138,0.0,0.0,110.4,False,M_a300k,5,16,513
0.7602,M (α=3×10⁵),0.1871,,0.3581,0.0,0.0,195.0,False,M_a300k,2,17,513
0.9474,M (α=3×10⁵),0.1696,,0.3127,0.0,0.0,486.0,False,M_a300k,1,18,513
0.9123,M (α=3×10⁵),0.3606,,0.6067,0.0,0.0,468.0,False,M_a300k,1,19,513
0.9942,M (α=3×10⁵),0.4055,,0.5243,0.0,0.0,510.0,False,M_a300k,1,20,513
0.9357,M (α=3×10⁵),0.3801,,0.6906,0.0,0.0,160.0,False,M_a300k,3,21,513
0.9649,M (α=3×10⁵),0.4366,,0.6947,0.0,0.0,495.0,False,M_a300k,1,22,513
1.0292,M (α=3×10⁵),0.462,,0.671,0.0,0.0,176.0,False,M_a300k,3,23,513
0.1287,M (α=3×10⁵),0.1033,,0.4483,0.0,0.0,66.0,False,M_a300k,1,24,513
1.0,M (α=3×10⁵),0.538,,0.7382,0.0,0.0,256.5,False,M_a300k,2,25,513
1.0058,M (α=3×10⁵),0.3314,,0.637,0.0,0.0,172.0,False,M_a300k,3,26,513
0.8246,M (α=3×10⁵),0.3314,,0.6415,0.0,0.0,141.0,False,M_a300k,3,27,513
0.9591,M (α=3×10⁵),0.4094,,0.6363,0.0,0.0,246.0,False,M_a300k,2,28,513
0.7193,M (α=3×10⁵),0.2164,,0.4305,0.0,0.002,123.0,False,M_a300k,3,29,513
1.0,M (α=3×10⁵),0.1852,,0.5797,0.0,0.0041,513.0,False,M_a300k,1,30,513
0.9825,M (α=3×10⁵),0.4308,,0.6994,0.0,0.0,126.0,False,M_a300k,4,31,513
0.7719,M (α=3×10⁵),0.2281,,0.637,0.0,0.0,396.0,False,M_a300k,1,32,513
0.7895,M (α=3×10⁵),0.3743,,0.6731,0.0,0.0,101.2,False,M_a300k,4,33,513
0.9708,M (α=3×10⁵),0.4776,,0.4909,0.0,0.0,124.5,False,M_a300k,4,34,513
0.7544,M (α=3×10⁵),0.2086,,0.6169,0.0,0.0,129.0,False,M_a300k,3,35,513
0.5848,M (α=3×10⁵),0.191,,0.3664,0.0,0.0,300.0,False,M_a300k,1,36,513
0.8246,M (α=3×10⁵),0.3002,,0.569,0.0,0.0,423.0,False,M_a300k,1,37,513
0.6082,M (α=3×10⁵),0.4347,,0.3162,0.0,0.0,156.0,False,M_a300k,2,38,513
0.9766,M (α=3×10⁵),0.384,,0.6763,0.0,0.0,250.5,False,M_a300k,2,39,513
0.9181,M (α=3×10⁵),0.345,,0.7009,0.0,0.0,471.0,False,M_a300k,1,40,513
0.7076,M (α=3×10⁵),0.1735,,0.35,0.0,0.002,121.0,False,M_a300k,3,41,513
1.0351,M (α=3×10⁵),0.4405,,0.5397,0.0,0.0,177.0,False,M_a300k,3,42,513
1.1228,M (α=3×10⁵),0.4698,,0.4948,0.0,0.0,192.0,False,M_a300k,3,43,513
0.1871,M (α=3×10⁵),0.1092,,0.3668,0.0,0.0041,96.0,False,M_a300k,1,44,513
0.8421,M (α=3×10⁵),0.4971,,0.6956,0.0,0.0,432.0,False,M_a300k,1,45,513
1.0,M (α=3×10⁵),0.6257,,0.453,0.0,0.0,513.0,False,M_a300k,1,46,513
0.9766,M (α=3×10⁵),0.2534,,0.503,0.0,0.0,250.5,False,M_a300k,2,47,513
1.0,M (α=3×10⁵),0.3665,,0.5649,0.0,0.0,256.5,False,M_a300k,2,48,513
0.8772,M (α=3×10⁵),0.4483,,0.7345,0.0,0.0,450.0,False,M_a300k,1,49,513
0.9708,M (α=3×10⁵),0.4269,,0.4688,0.0,0.0,166.0,False,M_a300k,3,50,513
0.8363,M (α=3×10⁵),0.2105,,0.5975,0.0,0.0,429.0,False,M_a300k,1,51,513
0.807,M (α=3×10⁵),0.1579,,0.6561,0.0,0.002,414.0,False,M_a300k,1,52,513
0.9708,M (α=3×10⁵),0.5536,,0.6856,0.0,0.0,498.0,False,M_a300k,1,53,513
0.6082,M (α=3×10⁵),0.1988,,0.3957,0.0,0.0,156.0,False,M_a300k,2,54,513
0.8889,M (α=3×10⁵),0.5166,,0.5668,0.0,0.0,228.0,False,M_a300k,2,55,513
0.3977,M (α=3×10⁵),0.1209,,0.1971,0.0,0.0183,102.0,False,M_a300k,2,56,513
0.7544,M (α=3×10⁵),0.2203,,0.2193,0.0,0.002,129.0,False,M_a300k,3,57,513
1.0,M (α=3×10⁵),0.5361,,0.5011,0.0,0.0,513.0,False,M_a300k,1,58,513
0.9415,M (α=3×10⁵),0.2827,,0.558,0.0,0.0,241.5,False,M_a300k,2,59,513
0.9942,M (α=3×10⁵),0.7992,,0.3421,0.0,0.0,510.0,False,M_a300k,1,60,513
0.8947,M (α=3×10⁵),0.7057,,0.314,0.0,0.0,459.0,False,M_a300k,1,61,513
0.5556,M (α=3×10⁵),0.1384,,0.431,0.0,0.0,142.5,False,M_a300k,2,62,513
0.8596,M (α=3×10⁵),0.3158,,0.5195,0.0,0.0,110.2,False,M_a300k,4,63,513
0.4386,M (α=3×10⁵),0.193,,0.4806,0.0,0.002,112.5,False,M_a300k,2,64,513
0.9766,M (α=3×10⁵),0.2865,,0.6851,0.0,0.0,250.5,False,M_a300k,2,65,513
0.8129,M (α=3×10⁵),0.2086,,0.3224,0.0,0.0101,208.5,False,M_a300k,2,66,513
0.7076,M (α=3×10⁵),0.2593,,0.5236,0.0,0.0,363.0,False,M_a300k,1,67,513
0.9883,M (α=3×10⁵),0.3645,,0.5953,0.0,0.0,253.5,False,M_a300k,2,68,513
1.0,M (α=3×10⁵),0.2554,,0.6167,0.0,0.0,513.0,False,M_a300k,1,69,513
0.1988,M (α=3×10⁵),0.2359,,0.3486,0.0,0.0,102.0,False,M_a300k,1,70,513
0.8421,M (α=3×10⁵),0.269,,0.7133,0.0,0.0,432.0,False,M_a300k,1,71,513
0.9942,M (α=3×10⁵),0.2027,,0.7126,0.0,0.0,510.0,False,M_a300k,1,72,513
0.8246,M (α=3×10⁵),0.3587,,0.5067,0.0,0.0,141.0,False,M_a300k,3,73,513
0.8713,M (α=3×10⁵),0.3041,,0.5995,0.0,0.0,447.0,False,M_a300k,1,74,513
0.8129,M (α=3×10⁵),0.4678,,0.6274,0.0,0.0,417.0,False,M_a300k,1,75,513
0.8363,M (α=3×10⁵),0.3021,,0.4725,0.0,0.0,143.0,False,M_a300k,3,76,513
0.7193,M (α=3×10⁵),0.4094,,0.7304,0.0,0.0,123.0,False,M_a300k,3,77,513
0.924,M (α=3×10⁵),0.2749,,0.5191,0.0,0.0,474.0,False,M_a300k,1,78,513
0.8947,M (α=3×10⁵),0.2827,,0.5769,0.0,0.002,459.0,False,M_a300k,1,79,513
0.6257,M (α=3×10⁵),0.2495,,0.56,0.0,0.0,321.0,False,M_a300k,1,80,513
1.0117,M (α=3×10⁵),0.1969,,0.4813,0.0,0.0041,259.5,False,M_a300k,2,81,513
0.924,M (α=3×10⁵),0.306,,0.5319,0.0,0.0,474.0,False,M_a300k,1,82,513
1.0526,M (α=3×10⁵),0.5224,,0.6008,0.0,0.0,270.0,False,M_a300k,2,83,513
0.7953,M (α=3×10⁵),0.2924,,0.6141,0.0,0.0,408.0,False,M_a300k,1,84,513
0.7427,M (α=3×10⁵),0.4912,,0.523,0.0,0.0,190.5,False,M_a300k,2,85,513
1.0058,M (α=3×10⁵),0.2943,,0.6004,0.0,0.0,258.0,False,M_a300k,2,86,513
0.9415,M (α=3×10⁵),0.308,,0.7086,0.0,0.0,483.0,False,M_a300k,1,87,513
0.8772,M (α=3×10⁵),0.4191,,0.6659,0.0,0.0,150.0,False,M_a300k,3,88,513
0.9942,M (α=3×10⁵),0.3762,,0.6649,0.0,0.0,510.0,False,M_a300k,1,89,513
0.655,M (α=3×10⁵),0.2768,,0.6524,0.0,0.002,112.0,False,M_a300k,3,90,513
0.8012,M (α=3×10⁵),0.425,,0.553,0.0,0.0,205.5,False,M_a300k,2,91,513
0.9883,M (α=3×10⁵),0.3762,,0.5431,0.0,0.0,126.8,False,M_a300k,4,92,513
0.655,M (α=3×10⁵),0.2105,,0.61,0.0,0.002,336.0,False,M_a300k,1,93,513
0.9942,M (α=3×10⁵),0.5634,,0.5584,0.0,0.0,510.0,False,M_a300k,1,94,513
0.9766,M (α=3×10⁵),0.538,,0.6376,0.0,0.0,250.5,False,M_a300k,2,95,513
0.9591,M (α=3×10⁵),0.4035,,0.7918,0.0,0.0,246.0,False,M_a300k,2,96,513
0.3333,M (α=3×10⁵),0.0994,,0.3081,0.0,0.0081,171.0,False,M_a300k,1,97,513
0.9591,M (α=3×10⁵),0.1832,,0.7606,0.0,0.0,492.0,False,M_a300k,1,98,513
0.3216,M (α=3×10⁵),0.078,,0.306,0.0,0.0142,82.5,False,M_a300k,2,99,513
