step,train_loss,train_perplexity,train_next_token_acc,val_loss,val_perplexity,val_next_token_acc,run_name,locked_ckpt,optimizer,lr,total_params,trainable_params,trainable_fraction_percent,locked_params,locked_fraction_percent,tokens_seen,coverage_ratio
0,1.3687253892421722,3.9303378505299147,0.3248031474649906,1.3616510927677155,3.9026315920220225,0.33464566990733147,ft_blocks_unlocked_pilot758_len128_clean,None,adamw,1e-05,6452781056,1612808192,24.994001470115894,1612808192,24.994001470115894,64000,0.005791656557661959
10,1.3945742473006248,4.033257036964662,0.30019685067236423,1.387870728969574,4.006310443882406,0.30511810816824436,ft_blocks_unlocked_pilot758_len128_clean,None,adamw,1e-05,6452781056,1612808192,24.994001470115894,1612808192,24.994001470115894,64000,0.005791656557661959
20,1.4086246117949486,4.090325747688959,0.31397638097405434,1.3973628878593445,4.0445200380536,0.31102361902594566,ft_blocks_unlocked_pilot758_len128_clean,None,adamw,1e-05,6452781056,1612808192,24.994001470115894,1612808192,24.994001470115894,64000,0.005791656557661959
30,1.3851592242717743,3.9954620287040297,0.3080708645284176,1.4007527455687523,4.058253649829098,0.32037401758134365,ft_blocks_unlocked_pilot758_len128_clean,None,adamw,1e-05,6452781056,1612808192,24.994001470115894,1612808192,24.994001470115894,64000,0.005791656557661959
40,1.3965151458978653,4.041092781623097,0.3011811012402177,1.3734678775072098,3.9490217006150767,0.3179133851081133,ft_blocks_unlocked_pilot758_len128_clean,None,adamw,1e-05,6452781056,1612808192,24.994001470115894,1612808192,24.994001470115894,64000,0.005791656557661959
50,1.3618404269218445,3.9033705634274307,0.3316929154098034,1.3603880852460861,3.8977056503726444,0.32480314560234547,ft_blocks_unlocked_pilot758_len128_clean,None,adamw,1e-05,6452781056,1612808192,24.994001470115894,1612808192,24.994001470115894,64000,0.005791656557661959
60,1.5089483708143234,4.521972854328021,0.2760826712474227,1.5491293296217918,4.7073698303515945,0.27509842440485954,ft_blocks_unlocked_pilot758_len128_clean,None,adamw,1e-05,6452781056,1612808192,24.994001470115894,1612808192,24.994001470115894,64000,0.005791656557661959
70,1.5363284051418304,4.647495187648084,0.2711614165455103,1.5632648468017578,4.774383457756804,0.26230314560234547,ft_blocks_unlocked_pilot758_len128_clean,None,adamw,1e-05,6452781056,1612808192,24.994001470115894,1612808192,24.994001470115894,64000,0.005791656557661959
80,1.4500910118222237,4.263502526645739,0.2977362181991339,1.4395108073949814,4.218631588758606,0.2785433027893305,ft_blocks_unlocked_pilot758_len128_clean,None,adamw,1e-05,6452781056,1612808192,24.994001470115894,1612808192,24.994001470115894,64000,0.005791656557661959
90,1.4569422081112862,4.292812910280848,0.2534448830410838,1.4529318138957024,4.275631513332079,0.24999999813735485,ft_blocks_unlocked_pilot758_len128_clean,None,adamw,1e-05,6452781056,1612808192,24.994001470115894,1612808192,24.994001470115894,64000,0.005791656557661959
100,1.4086721912026405,4.0905203675952135,0.26722440496087074,1.4091185256838799,4.092346515387531,0.27312991488724947,ft_blocks_unlocked_pilot758_len128_clean,None,adamw,1e-05,6452781056,1612808192,24.994001470115894,1612808192,24.994001470115894,64000,0.005791656557661959
110,1.3853250369429588,3.9961245818639624,0.292322832159698,1.3995890021324158,4.053533630759419,0.28543306794017553,ft_blocks_unlocked_pilot758_len128_clean,None,adamw,1e-05,6452781056,1612808192,24.994001470115894,1612808192,24.994001470115894,64000,0.005791656557661959
120,1.3944533914327621,4.03276962363912,0.27805118076503277,1.3894196823239326,4.012520840448662,0.28297244012355804,ft_blocks_unlocked_pilot758_len128_clean,None,adamw,1e-05,6452781056,1612808192,24.994001470115894,1612808192,24.994001470115894,64000,0.005791656557661959
130,1.3893283680081367,4.012154456581801,0.28838582802563906,1.3859748020768166,3.9987219680419144,0.2903543319553137,ft_blocks_unlocked_pilot758_len128_clean,None,adamw,1e-05,6452781056,1612808192,24.994001470115894,1612808192,24.994001470115894,64000,0.005791656557661959
140,1.385888285934925,3.9983760290096138,0.28543307073414326,1.3951041102409363,4.035394676675319,0.2608267702162266,ft_blocks_unlocked_pilot758_len128_clean,None,adamw,1e-05,6452781056,1612808192,24.994001470115894,1612808192,24.994001470115894,64000,0.005791656557661959
150,1.4294049069285393,4.176213216753078,0.291338580660522,1.4401691928505898,4.221409988967995,0.29379921313375235,ft_blocks_unlocked_pilot758_len128_clean,None,adamw,1e-05,6452781056,1612808192,24.994001470115894,1612808192,24.994001470115894,64000,0.005791656557661959
160,1.4070217087864876,4.083774604068965,0.2780511761084199,1.4075500071048737,4.085932625314268,0.27214567083865404,ft_blocks_unlocked_pilot758_len128_clean,None,adamw,1e-05,6452781056,1612808192,24.994001470115894,1612808192,24.994001470115894,64000,0.005791656557661959
170,1.391859158873558,4.02232124000605,0.26328740175813437,1.3883479535579681,4.008222810012743,0.28346456214785576,ft_blocks_unlocked_pilot758_len128_clean,None,adamw,1e-05,6452781056,1612808192,24.994001470115894,1612808192,24.994001470115894,64000,0.005791656557661959
180,1.3945600911974907,4.033199942166201,0.27214566711336374,1.386199712753296,3.9996214244496824,0.31692913454025984,ft_blocks_unlocked_pilot758_len128_clean,None,adamw,1e-05,6452781056,1612808192,24.994001470115894,1612808192,24.994001470115894,64000,0.005791656557661959
190,1.3802807331085205,3.9760176706324977,0.2997047184035182,1.3902059197425842,4.015676875010195,0.2627952713519335,ft_blocks_unlocked_pilot758_len128_clean,None,adamw,1e-05,6452781056,1612808192,24.994001470115894,1612808192,24.994001470115894,64000,0.005791656557661959
200,1.3822184801101685,3.983729656477869,0.2854330698028207,1.378804363310337,3.970151929293658,0.3115157466381788,ft_blocks_unlocked_pilot758_len128_clean,None,adamw,1e-05,6452781056,1612808192,24.994001470115894,1612808192,24.994001470115894,64000,0.005791656557661959
210,1.3836795017123222,3.989554225437574,0.2834645649418235,1.3890390396118164,4.0109937942814655,0.29281495977193117,ft_blocks_unlocked_pilot758_len128_clean,None,adamw,1e-05,6452781056,1612808192,24.994001470115894,1612808192,24.994001470115894,64000,0.005791656557661959
220,1.3878308236598969,4.00615057401333,0.30856298841536045,1.3924627900123596,4.024749971311956,0.2746062967926264,ft_blocks_unlocked_pilot758_len128_clean,None,adamw,1e-05,6452781056,1612808192,24.994001470115894,1612808192,24.994001470115894,64000,0.005791656557661959
230,1.3776451721787453,3.9655524307501473,0.3046259833499789,1.3818224743008614,3.982152388715405,0.30807086173444986,ft_blocks_unlocked_pilot758_len128_clean,None,adamw,1e-05,6452781056,1612808192,24.994001470115894,1612808192,24.994001470115894,64000,0.005791656557661959
240,1.3817782700061798,3.9819763643682924,0.28740157186985016,1.390673041343689,4.017553122605343,0.2755905482918024,ft_blocks_unlocked_pilot758_len128_clean,None,adamw,1e-05,6452781056,1612808192,24.994001470115894,1612808192,24.994001470115894,64000,0.005791656557661959
250,1.3990310207009315,4.051272465164433,0.28543307166546583,1.3934489712119102,4.0287210618521305,0.26131889363750815,ft_blocks_unlocked_pilot758_len128_clean,None,adamw,1e-05,6452781056,1612808192,24.994001470115894,1612808192,24.994001470115894,64000,0.005791656557661959
260,1.421638086438179,4.1439029547935835,0.2672244105488062,1.410143993794918,4.096545238698868,0.2888779491186142,ft_blocks_unlocked_pilot758_len128_clean,None,adamw,1e-05,6452781056,1612808192,24.994001470115894,1612808192,24.994001470115894,64000,0.005791656557661959
270,1.4021077752113342,4.063756431195692,0.25787401106208563,1.387320451438427,4.004106467717234,0.2834645612165332,ft_blocks_unlocked_pilot758_len128_clean,None,adamw,1e-05,6452781056,1612808192,24.994001470115894,1612808192,24.994001470115894,64000,0.005791656557661959
280,1.4018939137458801,4.062887443214902,0.27509842440485954,1.4053349420428276,4.076892035154242,0.26033464074134827,ft_blocks_unlocked_pilot758_len128_clean,None,adamw,1e-05,6452781056,1612808192,24.994001470115894,1612808192,24.994001470115894,64000,0.005791656557661959
290,1.3851462453603745,3.9954101722928783,0.30118109937757254,1.3831489235162735,3.9874380164104317,0.3065944844856858,ft_blocks_unlocked_pilot758_len128_clean,None,adamw,1e-05,6452781056,1612808192,24.994001470115894,1612808192,24.994001470115894,64000,0.005791656557661959
300,1.381809040904045,3.982098895241485,0.2854330660775304,1.3809997141361237,3.978877379818232,0.27509842440485954,ft_blocks_unlocked_pilot758_len128_clean,None,adamw,1e-05,6452781056,1612808192,24.994001470115894,1612808192,24.994001470115894,64000,0.005791656557661959
310,1.3817282989621162,3.9817773858235523,0.28494094125926495,1.3764244765043259,3.960714651380153,0.2898622052744031,ft_blocks_unlocked_pilot758_len128_clean,None,adamw,1e-05,6452781056,1612808192,24.994001470115894,1612808192,24.994001470115894,64000,0.005791656557661959
320,1.384604126214981,3.9932447709505747,0.26870078779757023,1.38869109749794,4.009598443386686,0.2741141729056835,ft_blocks_unlocked_pilot758_len128_clean,None,adamw,1e-05,6452781056,1612808192,24.994001470115894,1612808192,24.994001470115894,64000,0.005791656557661959
330,1.3824434131383896,3.9846258296388073,0.27608267683535814,1.3859651684761047,3.998683446136669,0.28494094125926495,ft_blocks_unlocked_pilot758_len128_clean,None,adamw,1e-05,6452781056,1612808192,24.994001470115894,1612808192,24.994001470115894,64000,0.005791656557661959
340,1.3935292214155197,4.02904438051065,0.2795275580137968,1.4074995443224907,4.085726442987675,0.2677165335044265,ft_blocks_unlocked_pilot758_len128_clean,None,adamw,1e-05,6452781056,1612808192,24.994001470115894,1612808192,24.994001470115894,64000,0.005791656557661959
350,1.4018472880125046,4.0626980125244465,0.28838582430034876,1.3914160653948784,4.020539370491982,0.3095472427085042,ft_blocks_unlocked_pilot758_len128_clean,None,adamw,1e-05,6452781056,1612808192,24.994001470115894,1612808192,24.994001470115894,64000,0.005791656557661959
360,1.3959470838308334,4.038797842000287,0.276574800722301,1.3925281539559364,4.025013053439941,0.2997047230601311,ft_blocks_unlocked_pilot758_len128_clean,None,adamw,1e-05,6452781056,1612808192,24.994001470115894,1612808192,24.994001470115894,64000,0.005791656557661959
370,1.3717896565794945,3.942399927706184,0.30561023484915495,1.5407031252980232,4.667871215735026,0.2957677152007818,ft_blocks_unlocked_pilot758_len128_clean,None,adamw,1e-05,6452781056,1612808192,24.994001470115894,1612808192,24.994001470115894,64000,0.005791656557661959
380,1.3832029923796654,3.9876536184804516,0.3065944844856858,1.4594515040516853,4.3035983745911315,0.27706692833453417,ft_blocks_unlocked_pilot758_len128_clean,None,adamw,1e-05,6452781056,1612808192,24.994001470115894,1612808192,24.994001470115894,64000,0.005791656557661959
390,1.4486456364393234,4.257344616366802,0.2942913379520178,1.426837332546711,4.165504232624534,0.29133857879787683,ft_blocks_unlocked_pilot758_len128_clean,None,adamw,1e-05,6452781056,1612808192,24.994001470115894,1612808192,24.994001470115894,64000,0.005791656557661959
400,1.3845195695757866,3.9929071298683607,0.2677165335044265,1.3875049874186516,4.004845437610348,0.2736220443621278,ft_blocks_unlocked_pilot758_len128_clean,None,adamw,1e-05,6452781056,1612808192,24.994001470115894,1612808192,24.994001470115894,64000,0.005791656557661959
410,1.3814216703176498,3.980556645987636,0.3056102357804775,1.781445600092411,5.938434818551834,0.3056102339178324,ft_blocks_unlocked_pilot758_len128_clean,None,adamw,1e-05,6452781056,1612808192,24.994001470115894,1612808192,24.994001470115894,64000,0.005791656557661959
420,1.3912074714899063,4.019700797948199,0.27116141375154257,1.3908095508813858,4.018101594359743,0.2657480286434293,ft_blocks_unlocked_pilot758_len128_clean,None,adamw,1e-05,6452781056,1612808192,24.994001470115894,1612808192,24.994001470115894,64000,0.005791656557661959
430,1.3917553573846817,4.0219037387415995,0.26377952471375465,1.377329908311367,3.9643024324045477,0.2957677133381367,ft_blocks_unlocked_pilot758_len128_clean,None,adamw,1e-05,6452781056,1612808192,24.994001470115894,1612808192,24.994001470115894,64000,0.005791656557661959
440,1.376470610499382,3.960897379185248,0.3203740119934082,1.385207787156105,3.9956560645758104,0.28789369855076075,ft_blocks_unlocked_pilot758_len128_clean,None,adamw,1e-05,6452781056,1612808192,24.994001470115894,1612808192,24.994001470115894,64000,0.005791656557661959
450,1.4004454091191292,4.057006592203637,0.2849409431219101,1.4039366692304611,4.071195411507671,0.28198819048702717,ft_blocks_unlocked_pilot758_len128_clean,None,adamw,1e-05,6452781056,1612808192,24.994001470115894,1612808192,24.994001470115894,64000,0.005791656557661959
460,1.399188183248043,4.051909223500071,0.28297243919223547,1.404494047164917,4.073465238513883,0.2992125963792205,ft_blocks_unlocked_pilot758_len128_clean,None,adamw,1e-05,6452781056,1612808192,24.994001470115894,1612808192,24.994001470115894,64000,0.005791656557661959
470,1.4015798643231392,4.061611696093008,0.29035433009266853,1.4075771570205688,4.086043559546502,0.28887795098125935,ft_blocks_unlocked_pilot758_len128_clean,None,adamw,1e-05,6452781056,1612808192,24.994001470115894,1612808192,24.994001470115894,64000,0.005791656557661959
480,1.447892777621746,4.25414064315398,0.2770669274032116,1.413239724934101,4.10924669135488,0.2627952741459012,ft_blocks_unlocked_pilot758_len128_clean,None,adamw,1e-05,6452781056,1612808192,24.994001470115894,1612808192,24.994001470115894,64000,0.005791656557661959
490,1.4320029839873314,4.18707744744728,0.28887795004993677,1.4138923808932304,4.111929491072906,0.27559055108577013,ft_blocks_unlocked_pilot758_len128_clean,None,adamw,1e-05,6452781056,1612808192,24.994001470115894,1612808192,24.994001470115894,64000,0.005791656557661959
499,1.4152221754193306,4.117401149686362,0.3046259833499789,1.4295317754149437,4.1767430802135666,0.2859251946210861,ft_blocks_unlocked_pilot758_len128_clean,None,adamw,1e-05,6452781056,1612808192,24.994001470115894,1612808192,24.994001470115894,64000,0.005791656557661959
