step,train_loss,train_perplexity,train_next_token_acc,val_loss,val_perplexity,val_next_token_acc,run_name,locked_ckpt,optimizer,lr,total_params,trainable_params,trainable_fraction_percent,targeted_params,targeted_fraction_percent,tokens_seen,coverage_ratio
0,1.3687253892421722,3.9303378505299147,0.3248031474649906,1.3616510927677155,3.9026315920220225,0.33464566990733147,ft_blocks_unlocked_pilot758_len128_clean_2k,None,adamw,1e-05,6452781056,1612808192,24.994001470115894,1612808192,24.994001470115894,256000,0.023166626230647837
50,1.4664806574583054,4.333955595554971,0.28001968190073967,1.437429592013359,4.209860837883342,0.28986219968646765,ft_blocks_unlocked_pilot758_len128_clean_2k,None,adamw,1e-05,6452781056,1612808192,24.994001470115894,1612808192,24.994001470115894,256000,0.023166626230647837
100,1.482585035264492,4.404316290800772,0.2987204669043422,1.4513660222291946,4.268942003695392,0.2878936994820833,ft_blocks_unlocked_pilot758_len128_clean_2k,None,adamw,1e-05,6452781056,1612808192,24.994001470115894,1612808192,24.994001470115894,256000,0.023166626230647837
150,1.513150915503502,4.541016635473961,0.2618110245093703,1.4813789874315262,4.3990076765473844,0.27263779006898403,ft_blocks_unlocked_pilot758_len128_clean_2k,None,adamw,1e-05,6452781056,1612808192,24.994001470115894,1612808192,24.994001470115894,256000,0.023166626230647837
200,1.4394408613443375,4.218336522459332,0.2721456652507186,1.5076744854450226,4.516216046803461,0.25147637352347374,ft_blocks_unlocked_pilot758_len128_clean_2k,None,adamw,1e-05,6452781056,1612808192,24.994001470115894,1612808192,24.994001470115894,256000,0.023166626230647837
250,1.4411760345101357,4.225662420810443,0.27116141468286514,1.441494919359684,4.227010135407208,0.26771652791649103,ft_blocks_unlocked_pilot758_len128_clean_2k,None,adamw,1e-05,6452781056,1612808192,24.994001470115894,1612808192,24.994001470115894,256000,0.023166626230647837
300,1.4264181479811668,4.163758483463624,0.26525590382516384,1.453733429312706,4.27906029957094,0.2677165362983942,ft_blocks_unlocked_pilot758_len128_clean_2k,None,adamw,1e-05,6452781056,1612808192,24.994001470115894,1612808192,24.994001470115894,256000,0.023166626230647837
350,1.4749837517738342,4.370964751928925,0.27116141375154257,1.4258365035057068,4.161337360529215,0.29183071106672287,ft_blocks_unlocked_pilot758_len128_clean_2k,None,adamw,1e-05,6452781056,1612808192,24.994001470115894,1612808192,24.994001470115894,256000,0.023166626230647837
400,1.4378924071788788,4.211809676265035,0.2677165325731039,1.4310216307640076,4.182970461029704,0.2785433065146208,ft_blocks_unlocked_pilot758_len128_clean_2k,None,adamw,1e-05,6452781056,1612808192,24.994001470115894,1612808192,24.994001470115894,256000,0.023166626230647837
450,1.3916962444782257,4.021665999348919,0.29035432636737823,1.3984874784946442,4.049071025932213,0.27312991954386234,ft_blocks_unlocked_pilot758_len128_clean_2k,None,adamw,1e-05,6452781056,1612808192,24.994001470115894,1612808192,24.994001470115894,256000,0.023166626230647837
500,1.3980107381939888,4.047141130659915,0.28297243546694517,1.4082435071468353,4.088767202537482,0.28001968283206224,ft_blocks_unlocked_pilot758_len128_clean_2k,None,adamw,1e-05,6452781056,1612808192,24.994001470115894,1612808192,24.994001470115894,256000,0.023166626230647837
550,1.3795041143894196,3.9729310196126284,0.3001968478783965,1.3838486447930336,3.9902290880024873,0.29822834581136703,ft_blocks_unlocked_pilot758_len128_clean_2k,None,adamw,1e-05,6452781056,1612808192,24.994001470115894,1612808192,24.994001470115894,256000,0.023166626230647837
600,1.3773721978068352,3.9644700842992293,0.3090551169589162,1.3877683654427528,4.005900364804758,0.2849409421905875,ft_blocks_unlocked_pilot758_len128_clean_2k,None,adamw,1e-05,6452781056,1612808192,24.994001470115894,1612808192,24.994001470115894,256000,0.023166626230647837
650,1.3756632134318352,3.957700652943796,0.3100393693894148,1.3837544620037079,3.9898532947938348,0.2765748016536236,ft_blocks_unlocked_pilot758_len128_clean_2k,None,adamw,1e-05,6452781056,1612808192,24.994001470115894,1612808192,24.994001470115894,256000,0.023166626230647837
700,1.3798943608999252,3.9744817446423477,0.29527558758854866,1.3739561513066292,3.9509503752671575,0.3011811012402177,ft_blocks_unlocked_pilot758_len128_clean_2k,None,adamw,1e-05,6452781056,1612808192,24.994001470115894,1612808192,24.994001470115894,256000,0.023166626230647837
750,1.3729488253593445,3.9469724842904808,0.3065944882109761,1.3751230463385582,3.955563410572002,0.29478346183896065,ft_blocks_unlocked_pilot758_len128_clean_2k,None,adamw,1e-05,6452781056,1612808192,24.994001470115894,1612808192,24.994001470115894,256000,0.023166626230647837
800,1.378312237560749,3.968198595981709,0.272145664319396,1.3828124925494194,3.986096744418668,0.2706692861393094,ft_blocks_unlocked_pilot758_len128_clean_2k,None,adamw,1e-05,6452781056,1612808192,24.994001470115894,1612808192,24.994001470115894,256000,0.023166626230647837
850,1.379752092063427,3.97391633996954,0.2869094470515847,1.387796238064766,4.006012021307521,0.29281495977193117,ft_blocks_unlocked_pilot758_len128_clean_2k,None,adamw,1e-05,6452781056,1612808192,24.994001470115894,1612808192,24.994001470115894,256000,0.023166626230647837
900,1.3708707466721535,3.938778881316415,0.30708661396056414,1.3790004402399063,3.9709304608174185,0.2933070855215192,ft_blocks_unlocked_pilot758_len128_clean_2k,None,adamw,1e-05,6452781056,1612808192,24.994001470115894,1612808192,24.994001470115894,256000,0.023166626230647837
950,1.3699614852666855,3.93519912940672,0.3006889736279845,1.377295307815075,3.964165267945927,0.28838582430034876,ft_blocks_unlocked_pilot758_len128_clean_2k,None,adamw,1e-05,6452781056,1612808192,24.994001470115894,1612808192,24.994001470115894,256000,0.023166626230647837
1000,1.376882940530777,3.962530912880316,0.27312991954386234,1.379236415028572,3.9718676108612594,0.2864173222333193,ft_blocks_unlocked_pilot758_len128_clean_2k,None,adamw,1e-05,6452781056,1612808192,24.994001470115894,1612808192,24.994001470115894,256000,0.023166626230647837
1050,1.397404707968235,4.044689183858824,0.28937007766216993,1.3955587670207024,4.037229813371159,0.28937007766216993,ft_blocks_unlocked_pilot758_len128_clean_2k,None,adamw,1e-05,6452781056,1612808192,24.994001470115894,1612808192,24.994001470115894,256000,0.023166626230647837
1100,1.3732564002275467,3.9481866605476132,0.29133858252316713,1.3890688493847847,4.011113362877998,0.2667322810739279,ft_blocks_unlocked_pilot758_len128_clean_2k,None,adamw,1e-05,6452781056,1612808192,24.994001470115894,1612808192,24.994001470115894,256000,0.023166626230647837
1150,1.3815475702285767,3.9810578292636074,0.2967519722878933,1.3804095312952995,3.9765298074795172,0.28690944984555244,ft_blocks_unlocked_pilot758_len128_clean_2k,None,adamw,1e-05,6452781056,1612808192,24.994001470115894,1612808192,24.994001470115894,256000,0.023166626230647837
1200,1.372689314186573,3.9459483337271903,0.28395669162273407,1.3740868791937828,3.951466908423874,0.3149606315419078,ft_blocks_unlocked_pilot758_len128_clean_2k,None,adamw,1e-05,6452781056,1612808192,24.994001470115894,1612808192,24.994001470115894,256000,0.023166626230647837
1250,1.3651843890547752,3.9164451350350995,0.3213582616299391,1.3800385296344757,3.975054781952006,0.3031496051698923,ft_blocks_unlocked_pilot758_len128_clean_2k,None,adamw,1e-05,6452781056,1612808192,24.994001470115894,1612808192,24.994001470115894,256000,0.023166626230647837
1300,1.384538784623146,3.9929838545050944,0.2854330651462078,1.3728286996483803,3.9464983798912834,0.3041338576003909,ft_blocks_unlocked_pilot758_len128_clean_2k,None,adamw,1e-05,6452781056,1612808192,24.994001470115894,1612808192,24.994001470115894,256000,0.023166626230647837
1350,1.3710168451070786,3.939354372784669,0.28641732316464186,1.3666127175092697,3.922043101977961,0.3110236208885908,ft_blocks_unlocked_pilot758_len128_clean_2k,None,adamw,1e-05,6452781056,1612808192,24.994001470115894,1612808192,24.994001470115894,256000,0.023166626230647837
1400,1.3696827292442322,3.934102321827806,0.3085629912093282,1.375209555029869,3.9559056159877057,0.2962598390877247,ft_blocks_unlocked_pilot758_len128_clean_2k,None,adamw,1e-05,6452781056,1612808192,24.994001470115894,1612808192,24.994001470115894,256000,0.023166626230647837
1450,1.3795925378799438,3.973282335573058,0.2913385843858123,1.3749711588025093,3.95496265541665,0.29084645491093397,ft_blocks_unlocked_pilot758_len128_clean_2k,None,adamw,1e-05,6452781056,1612808192,24.994001470115894,1612808192,24.994001470115894,256000,0.023166626230647837
1500,1.3777105286717415,3.96581161381937,0.292814957909286,1.3799616321921349,3.974749122158488,0.2987204696983099,ft_blocks_unlocked_pilot758_len128_clean_2k,None,adamw,1e-05,6452781056,1612808192,24.994001470115894,1612808192,24.994001470115894,256000,0.023166626230647837
1550,1.3747289404273033,3.954004806797206,0.2775590531527996,1.3730545565485954,3.947389824447732,0.28001968283206224,ft_blocks_unlocked_pilot758_len128_clean_2k,None,adamw,1e-05,6452781056,1612808192,24.994001470115894,1612808192,24.994001470115894,256000,0.023166626230647837
1600,1.3763225823640823,3.9603110983261955,0.28346456587314606,1.3706169947981834,3.937779535592415,0.30314960423856974,ft_blocks_unlocked_pilot758_len128_clean_2k,None,adamw,1e-05,6452781056,1612808192,24.994001470115894,1612808192,24.994001470115894,256000,0.023166626230647837
1650,1.3703055754303932,3.9365534257060353,0.29527558758854866,1.3711860328912735,3.940020919806376,0.301673224195838,ft_blocks_unlocked_pilot758_len128_clean_2k,None,adamw,1e-05,6452781056,1612808192,24.994001470115894,1612808192,24.994001470115894,256000,0.023166626230647837
1700,1.37087844312191,3.938809196046835,0.28690944612026215,1.3690983429551125,3.931803958002498,0.3100393693894148,ft_blocks_unlocked_pilot758_len128_clean_2k,None,adamw,1e-05,6452781056,1612808192,24.994001470115894,1612808192,24.994001470115894,256000,0.023166626230647837
1750,1.376430258154869,3.9607375509143674,0.27903543040156364,1.3730641677975655,3.9474277639764397,0.31151574570685625,ft_blocks_unlocked_pilot758_len128_clean_2k,None,adamw,1e-05,6452781056,1612808192,24.994001470115894,1612808192,24.994001470115894,256000,0.023166626230647837
1800,1.3655342608690262,3.9178156285344516,0.3065944891422987,1.3675296902656555,3.9256411580594315,0.29921259824186563,ft_blocks_unlocked_pilot758_len128_clean_2k,None,adamw,1e-05,6452781056,1612808192,24.994001470115894,1612808192,24.994001470115894,256000,0.023166626230647837
1850,1.3702901974320412,3.9364928898594034,0.2997047221288085,1.3744540512561798,3.9529180430698805,0.2908464539796114,ft_blocks_unlocked_pilot758_len128_clean_2k,None,adamw,1e-05,6452781056,1612808192,24.994001470115894,1612808192,24.994001470115894,256000,0.023166626230647837
1900,1.3637253195047379,3.910734935995978,0.3046259805560112,1.377752847969532,3.965979447733318,0.2603346426039934,ft_blocks_unlocked_pilot758_len128_clean_2k,None,adamw,1e-05,6452781056,1612808192,24.994001470115894,1612808192,24.994001470115894,256000,0.023166626230647837
1950,1.3755632564425468,3.9573050728728494,0.28001968190073967,1.3676334992051125,3.9260486958574052,0.30118110217154026,ft_blocks_unlocked_pilot758_len128_clean_2k,None,adamw,1e-05,6452781056,1612808192,24.994001470115894,1612808192,24.994001470115894,256000,0.023166626230647837
1999,1.3695683553814888,3.9336523890795947,0.2854330698028207,1.3718953877687454,3.9428167843760304,0.2869094470515847,ft_blocks_unlocked_pilot758_len128_clean_2k,None,adamw,1e-05,6452781056,1612808192,24.994001470115894,1612808192,24.994001470115894,256000,0.023166626230647837
